{"timestamp": "2026-08-05T03:37:34.722613+00:00", "level": "INFO", "logger": "backtest", "message": "=== BACKTESTING ===", "module": "main", "function": "cmd_backtest", "line": 168}
{"timestamp": "2026-08-05T03:37:34.722613+00:00", "level": "WARNING", "logger": "backtest", "message": "TA-Lib non installé — utilisation des calculs NumPy purs (moins rapide)", "module": "indicators", "function": "__init__", "line": 35}
{"timestamp": "2026-08-05T03:37:34.722613+00:00", "level": "INFO", "logger": "backtest", "message": "Generation de donnees synthetiques (5000 bougies M1)...", "module": "main", "function": "cmd_backtest", "line": 171}
{"timestamp": "2026-08-05T03:37:34.915102+00:00", "level": "INFO", "logger": "backtest", "message": "Donnees generees: 5000 bougies", "module": "main", "function": "cmd_backtest", "line": 173}
{"timestamp": "2026-08-05T03:38:02.834275+00:00", "level": "INFO", "logger": "backtest", "message": "Backtest termine | Trades=80 | WinRate=0.0% | Return=-80.14% | MaxDD=80.14% | Sharpe=-93298951699288752.00 | ProfitFactor=0.00", "module": "backtester", "function": "run", "line": 256}
{"timestamp": "2026-08-05T03:47:20.813042+00:00", "level": "WARNING", "logger": "trading_bot", "message": "TA-Lib non installé — utilisation des calculs NumPy purs (moins rapide)", "module": "indicators", "function": "__init__", "line": 35}
{"timestamp": "2026-08-05T03:47:20.813042+00:00", "level": "INFO", "logger": "trading_bot", "message": "=== DEMARRAGE DRY-RUN (2 min) ===", "module": "main", "function": "run_dry_run", "line": 65}
{"timestamp": "2026-08-05T03:49:20.830360+00:00", "level": "INFO", "logger": "trading_bot", "message": "============================================================", "module": "main", "function": "_print_final_report", "line": 142}
{"timestamp": "2026-08-05T03:49:20.830360+00:00", "level": "INFO", "logger": "trading_bot", "message": "           RAPPORT FINAL DU BOT", "module": "main", "function": "_print_final_report", "line": 143}
{"timestamp": "2026-08-05T03:49:20.830360+00:00", "level": "INFO", "logger": "trading_bot", "message": "============================================================", "module": "main", "function": "_print_final_report", "line": 144}
{"timestamp": "2026-08-05T03:49:20.849020+00:00", "level": "INFO", "logger": "trading_bot", "message": "Capital initial:    $500.00", "module": "main", "function": "_print_final_report", "line": 145}
{"timestamp": "2026-08-05T03:49:20.851030+00:00", "level": "INFO", "logger": "trading_bot", "message": "Capital final:      $500.00", "module": "main", "function": "_print_final_report", "line": 146}
{"timestamp": "2026-08-05T03:49:20.853022+00:00", "level": "INFO", "logger": "trading_bot", "message": "P&L total:          $+0.00 (+0.00%)", "module": "main", "function": "_print_final_report", "line": 147}
{"timestamp": "2026-08-05T03:49:20.854498+00:00", "level": "INFO", "logger": "trading_bot", "message": "P&L quotidien:      $+0.00 (+0.00%)", "module": "main", "function": "_print_final_report", "line": 148}
{"timestamp": "2026-08-05T03:49:20.856499+00:00", "level": "INFO", "logger": "trading_bot", "message": "Drawdown max:       0.00%", "module": "main", "function": "_print_final_report", "line": 149}
{"timestamp": "2026-08-05T03:49:20.857497+00:00", "level": "INFO", "logger": "trading_bot", "message": "Peak capital:       $500.00", "module": "main", "function": "_print_final_report", "line": 150}
{"timestamp": "2026-08-05T03:49:20.861449+00:00", "level": "INFO", "logger": "trading_bot", "message": "Total trades:       0", "module": "main", "function": "_print_final_report", "line": 151}
{"timestamp": "2026-08-05T03:49:20.862431+00:00", "level": "INFO", "logger": "trading_bot", "message": "Win rate:           0.0%", "module": "main", "function": "_print_final_report", "line": 152}
{"timestamp": "2026-08-05T03:49:20.864426+00:00", "level": "INFO", "logger": "trading_bot", "message": "Ticks traites:      1951", "module": "main", "function": "_print_final_report", "line": 153}
{"timestamp": "2026-08-05T03:49:20.865431+00:00", "level": "INFO", "logger": "trading_bot", "message": "Signaux generes:    0", "module": "main", "function": "_print_final_report", "line": 154}
{"timestamp": "2026-08-05T03:49:20.882637+00:00", "level": "INFO", "logger": "trading_bot", "message": "Trades executes:    0", "module": "main", "function": "_print_final_report", "line": 155}
{"timestamp": "2026-08-05T03:49:20.882637+00:00", "level": "INFO", "logger": "trading_bot", "message": "Kill switch:        Inactif", "module": "main", "function": "_print_final_report", "line": 156}
{"timestamp": "2026-08-05T03:49:20.901117+00:00", "level": "INFO", "logger": "trading_bot", "message": "============================================================", "module": "main", "function": "_print_final_report", "line": 157}
{"timestamp": "2026-08-05T03:49:20.911704+00:00", "level": "INFO", "logger": "trading_bot", "message": "Arret du bot demande...", "module": "main", "function": "stop", "line": 161}
{"timestamp": "2026-08-05T03:51:14.119130+00:00", "level": "WARNING", "logger": "trading_bot", "message": "TA-Lib non installé — utilisation des calculs NumPy purs (moins rapide)", "module": "indicators", "function": "__init__", "line": 35}
{"timestamp": "2026-08-05T03:51:14.119130+00:00", "level": "INFO", "logger": "trading_bot", "message": "=== DEMARRAGE DRY-RUN (2 min) ===", "module": "main", "function": "run_dry_run", "line": 65}
{"timestamp": "2026-08-05T03:53:14.167918+00:00", "level": "INFO", "logger": "trading_bot", "message": "============================================================", "module": "main", "function": "_print_final_report", "line": 142}
{"timestamp": "2026-08-05T03:53:14.167918+00:00", "level": "INFO", "logger": "trading_bot", "message": "           RAPPORT FINAL DU BOT", "module": "main", "function": "_print_final_report", "line": 143}
{"timestamp": "2026-08-05T03:53:14.167918+00:00", "level": "INFO", "logger": "trading_bot", "message": "============================================================", "module": "main", "function": "_print_final_report", "line": 144}
{"timestamp": "2026-08-05T03:53:14.167918+00:00", "level": "INFO", "logger": "trading_bot", "message": "Capital initial:    $500.00", "module": "main", "function": "_print_final_report", "line": 145}
{"timestamp": "2026-08-05T03:53:14.184389+00:00", "level": "INFO", "logger": "trading_bot", "message": "Capital final:      $500.00", "module": "main", "function": "_print_final_report", "line": 146}
{"timestamp": "2026-08-05T03:53:14.190349+00:00", "level": "INFO", "logger": "trading_bot", "message": "P&L total:          $+0.00 (+0.00%)", "module": "main", "function": "_print_final_report", "line": 147}
{"timestamp": "2026-08-05T03:53:14.192331+00:00", "level": "INFO", "logger": "trading_bot", "message": "P&L quotidien:      $+0.00 (+0.00%)", "module": "main", "function": "_print_final_report", "line": 148}
{"timestamp": "2026-08-05T03:53:14.193341+00:00", "level": "INFO", "logger": "trading_bot", "message": "Drawdown max:       0.00%", "module": "main", "function": "_print_final_report", "line": 149}
{"timestamp": "2026-08-05T03:53:14.195330+00:00", "level": "INFO", "logger": "trading_bot", "message": "Peak capital:       $500.00", "module": "main", "function": "_print_final_report", "line": 150}
{"timestamp": "2026-08-05T03:53:14.196330+00:00", "level": "INFO", "logger": "trading_bot", "message": "Total trades:       0", "module": "main", "function": "_print_final_report", "line": 151}
{"timestamp": "2026-08-05T03:53:14.198331+00:00", "level": "INFO", "logger": "trading_bot", "message": "Win rate:           0.0%", "module": "main", "function": "_print_final_report", "line": 152}
{"timestamp": "2026-08-05T03:53:14.199327+00:00", "level": "INFO", "logger": "trading_bot", "message": "Ticks traites:      1956", "module": "main", "function": "_print_final_report", "line": 153}
{"timestamp": "2026-08-05T03:53:14.200327+00:00", "level": "INFO", "logger": "trading_bot", "message": "Signaux generes:    2", "module": "main", "function": "_print_final_report", "line": 154}
{"timestamp": "2026-08-05T03:53:14.205789+00:00", "level": "INFO", "logger": "trading_bot", "message": "Trades executes:    0", "module": "main", "function": "_print_final_report", "line": 155}
{"timestamp": "2026-08-05T03:53:14.210613+00:00", "level": "INFO", "logger": "trading_bot", "message": "Kill switch:        Inactif", "module": "main", "function": "_print_final_report", "line": 156}
{"timestamp": "2026-08-05T03:53:14.210613+00:00", "level": "INFO", "logger": "trading_bot", "message": "============================================================", "module": "main", "function": "_print_final_report", "line": 157}
{"timestamp": "2026-08-05T03:53:14.210613+00:00", "level": "INFO", "logger": "trading_bot", "message": "Arret du bot demande...", "module": "main", "function": "stop", "line": 161}
{"timestamp": "2026-08-05T03:54:12.861240+00:00", "level": "WARNING", "logger": "test_deriv", "message": "Connexion perdue (tentative 1/5): server rejected WebSocket connection: HTTP 401", "module": "deriv_client", "function": "connect", "line": 88}
{"timestamp": "2026-08-05T03:54:12.869370+00:00", "level": "INFO", "logger": "test_deriv", "message": "Reconnexion dans 2.0s...", "module": "deriv_client", "function": "connect", "line": 91}
{"timestamp": "2026-08-05T03:55:17.601202+00:00", "level": "INFO", "logger": "test_deriv", "message": "WebSocket connecte a wss://ws.binaryws.com/websockets/v3 (tentative 1)", "module": "deriv_client", "function": "connect", "line": 76}
{"timestamp": "2026-08-05T03:55:27.604371+00:00", "level": "WARNING", "logger": "test_deriv", "message": "Timeout requete [req_id=1]", "module": "deriv_client", "function": "_send_request", "line": 235}
{"timestamp": "2026-08-05T03:55:27.606383+00:00", "level": "ERROR", "logger": "test_deriv", "message": "Erreur inattendue: 'NoneType' object has no attribute 'get'", "module": "deriv_client", "function": "connect", "line": 97, "exception": "'NoneType' object has no attribute 'get'"}
{"timestamp": "2026-08-05T03:55:27.607384+00:00", "level": "ERROR", "logger": "test_deriv", "message": "Impossible de se connecter apres toutes les tentatives", "module": "deriv_client", "function": "connect", "line": 101}
{"timestamp": "2026-08-05T03:55:29.257915+00:00", "level": "WARNING", "logger": "test_deriv", "message": "Timeout requete [req_id=2]", "module": "deriv_client", "function": "_send_request", "line": 235}
{"timestamp": "2026-08-05T03:55:29.259913+00:00", "level": "WARNING", "logger": "test_deriv", "message": "Tentative d'envoi alors que deconnecte", "module": "deriv_client", "function": "_send_request", "line": 220}
{"timestamp": "2026-08-05T03:57:45.617474+00:00", "level": "INFO", "logger": "test_deriv", "message": "WebSocket connecte a wss://ws.binaryws.com/websockets/v3 (tentative 1)", "module": "deriv_client", "function": "connect", "line": 76}
{"timestamp": "2026-08-05T03:57:55.623975+00:00", "level": "WARNING", "logger": "test_deriv", "message": "Timeout requete [req_id=1]", "module": "deriv_client", "function": "_send_request", "line": 214}
{"timestamp": "2026-08-05T03:57:55.624164+00:00", "level": "ERROR", "logger": "test_deriv", "message": "Aucune reponse d'authentification recue (timeout)", "module": "deriv_client", "function": "connect", "line": 82}
{"timestamp": "2026-08-05T03:57:55.929683+00:00", "level": "INFO", "logger": "test_deriv", "message": "Reconnexion dans 2.0s...", "module": "deriv_client", "function": "connect", "line": 87}
{"timestamp": "2026-08-05T03:57:57.323303+00:00", "level": "WARNING", "logger": "test_deriv", "message": "Timeout requete [req_id=2]", "module": "deriv_client", "function": "_send_request", "line": 214}
{"timestamp": "2026-08-05T03:57:57.324255+00:00", "level": "WARNING", "logger": "test_deriv", "message": "Tentative d'envoi alors que deconnecte", "module": "deriv_client", "function": "_send_request", "line": 199}
{"timestamp": "2026-08-05T04:01:35.807049+00:00", "level": "INFO", "logger": "test_deriv", "message": "WebSocket connecte a wss://ws.derivws.com/websockets/v3 (tentative 1)", "module": "deriv_client", "function": "connect", "line": 76}
{"timestamp": "2026-08-05T04:01:36.077293+00:00", "level": "WARNING", "logger": "test_deriv", "message": "Erreur API: InvalidToken - The token is invalid.", "module": "deriv_client", "function": "_read_loop", "line": 262}
{"timestamp": "2026-08-05T04:01:36.077293+00:00", "level": "WARNING", "logger": "test_deriv", "message": "Authentification echouee: {\"code\": \"InvalidToken\", \"message\": \"The token is invalid.\"}", "module": "deriv_client", "function": "connect", "line": 95}
{"timestamp": "2026-08-05T04:01:36.311875+00:00", "level": "ERROR", "logger": "test_deriv", "message": "Token API invalide. Verifiez votre token sur https://app.deriv.com/account/api-token", "module": "deriv_client", "function": "connect", "line": 101}
{"timestamp": "2026-08-05T04:18:20.744672+00:00", "level": "INFO", "logger": "test_anonyme", "message": "WebSocket connecte a wss://ws.derivws.com/websockets/v3 (tentative 1)", "module": "deriv_client", "function": "connect", "line": 76}
{"timestamp": "2026-08-05T04:18:22.987732+00:00", "level": "WARNING", "logger": "test_anonyme", "message": "Erreur API: InvalidSymbol - Symbol R_75 is invalid.", "module": "deriv_client", "function": "_read_loop", "line": 262}
{"timestamp": "2026-08-05T04:19:57.837416+00:00", "level": "INFO", "logger": "test_symbols", "message": "WebSocket connecte a wss://ws.derivws.com/websockets/v3 (tentative 1)", "module": "deriv_client", "function": "connect", "line": 76}
{"timestamp": "2026-08-05T04:19:58.977425+00:00", "level": "WARNING", "logger": "test_symbols", "message": "Erreur API: InvalidSymbol - Symbol R_75 is invalid.", "module": "deriv_client", "function": "_read_loop", "line": 262}
{"timestamp": "2026-08-05T04:19:59.247948+00:00", "level": "WARNING", "logger": "test_symbols", "message": "Erreur API: InvalidSymbol - Symbol R_100 is invalid.", "module": "deriv_client", "function": "_read_loop", "line": 262}
{"timestamp": "2026-08-05T04:19:59.630345+00:00", "level": "WARNING", "logger": "test_symbols", "message": "Erreur API: InvalidSymbol - Symbol R_50 is invalid.", "module": "deriv_client", "function": "_read_loop", "line": 262}
{"timestamp": "2026-08-05T04:20:00.379198+00:00", "level": "WARNING", "logger": "test_symbols", "message": "Erreur API: InvalidSymbol - Symbol R_25 is invalid.", "module": "deriv_client", "function": "_read_loop", "line": 262}
{"timestamp": "2026-08-05T04:20:03.128772+00:00", "level": "WARNING", "logger": "test_symbols", "message": "Erreur API: InvalidSymbol - Symbol R_10 is invalid.", "module": "deriv_client", "function": "_read_loop", "line": 262}
{"timestamp": "2026-08-05T04:20:04.523741+00:00", "level": "WARNING", "logger": "test_symbols", "message": "Erreur API: InvalidSymbol - Symbol 1HZ75V is invalid.", "module": "deriv_client", "function": "_read_loop", "line": 262}
{"timestamp": "2026-08-05T04:20:04.793845+00:00", "level": "WARNING", "logger": "test_symbols", "message": "Erreur API: InvalidSymbol - Symbol 1HZ100V is invalid.", "module": "deriv_client", "function": "_read_loop", "line": 262}
{"timestamp": "2026-08-05T04:20:05.191011+00:00", "level": "WARNING", "logger": "test_symbols", "message": "Erreur API: InvalidSymbol - Symbol 1HZ50V is invalid.", "module": "deriv_client", "function": "_read_loop", "line": 262}
{"timestamp": "2026-08-05T04:20:05.503419+00:00", "level": "WARNING", "logger": "test_symbols", "message": "Erreur API: InvalidSymbol - Symbol 1HZ25V is invalid.", "module": "deriv_client", "function": "_read_loop", "line": 262}
{"timestamp": "2026-08-05T04:20:05.833896+00:00", "level": "WARNING", "logger": "test_symbols", "message": "Erreur API: InvalidSymbol - Symbol 1HZ10V is invalid.", "module": "deriv_client", "function": "_read_loop", "line": 262}
{"timestamp": "2026-08-05T04:20:06.168808+00:00", "level": "WARNING", "logger": "test_symbols", "message": "Erreur API: InvalidSymbol - Symbol BOOM500 is invalid.", "module": "deriv_client", "function": "_read_loop", "line": 262}
{"timestamp": "2026-08-05T04:20:06.544089+00:00", "level": "WARNING", "logger": "test_symbols", "message": "Erreur API: InvalidSymbol - Symbol BOOM1000 is invalid.", "module": "deriv_client", "function": "_read_loop", "line": 262}
{"timestamp": "2026-08-05T04:20:06.955008+00:00", "level": "WARNING", "logger": "test_symbols", "message": "Erreur API: InvalidSymbol - Symbol BOOM300N is invalid.", "module": "deriv_client", "function": "_read_loop", "line": 262}
{"timestamp": "2026-08-05T04:20:07.298029+00:00", "level": "WARNING", "logger": "test_symbols", "message": "Erreur API: InvalidSymbol - Symbol CRASH500 is invalid.", "module": "deriv_client", "function": "_read_loop", "line": 262}
{"timestamp": "2026-08-05T04:20:07.685740+00:00", "level": "WARNING", "logger": "test_symbols", "message": "Erreur API: InvalidSymbol - Symbol CRASH1000 is invalid.", "module": "deriv_client", "function": "_read_loop", "line": 262}
{"timestamp": "2026-08-05T04:20:07.939860+00:00", "level": "WARNING", "logger": "test_symbols", "message": "Erreur API: InvalidSymbol - Symbol CRASH300N is invalid.", "module": "deriv_client", "function": "_read_loop", "line": 262}
{"timestamp": "2026-08-05T04:20:08.254303+00:00", "level": "WARNING", "logger": "test_symbols", "message": "Erreur API: InvalidSymbol - Symbol JD75 is invalid.", "module": "deriv_client", "function": "_read_loop", "line": 262}
{"timestamp": "2026-08-05T04:20:08.501967+00:00", "level": "WARNING", "logger": "test_symbols", "message": "Erreur API: InvalidSymbol - Symbol JD100 is invalid.", "module": "deriv_client", "function": "_read_loop", "line": 262}
{"timestamp": "2026-08-05T04:20:08.874032+00:00", "level": "WARNING", "logger": "test_symbols", "message": "Erreur API: InvalidSymbol - Symbol VOL75 is invalid.", "module": "deriv_client", "function": "_read_loop", "line": 262}
{"timestamp": "2026-08-05T04:20:09.209518+00:00", "level": "WARNING", "logger": "test_symbols", "message": "Erreur API: InvalidSymbol - Symbol VOL100 is invalid.", "module": "deriv_client", "function": "_read_loop", "line": 262}
{"timestamp": "2026-08-05T04:20:09.460010+00:00", "level": "WARNING", "logger": "test_symbols", "message": "Erreur API: InvalidSymbol - Symbol VOL50 is invalid.", "module": "deriv_client", "function": "_read_loop", "line": 262}
{"timestamp": "2026-08-05T04:20:09.709773+00:00", "level": "WARNING", "logger": "test_symbols", "message": "Erreur API: InvalidSymbol - Symbol VOL25 is invalid.", "module": "deriv_client", "function": "_read_loop", "line": 262}
{"timestamp": "2026-08-05T04:20:10.003109+00:00", "level": "WARNING", "logger": "test_symbols", "message": "Erreur API: InvalidSymbol - Symbol VOL10 is invalid.", "module": "deriv_client", "function": "_read_loop", "line": 262}
{"timestamp": "2026-08-05T04:20:10.336252+00:00", "level": "WARNING", "logger": "test_symbols", "message": "Erreur API: InvalidSymbol - Symbol VOLATILITY75 is invalid.", "module": "deriv_client", "function": "_read_loop", "line": 262}
{"timestamp": "2026-08-05T04:20:10.726406+00:00", "level": "WARNING", "logger": "test_symbols", "message": "Erreur API: InvalidSymbol - Symbol VOLATILITY100 is invalid.", "module": "deriv_client", "function": "_read_loop", "line": 262}
{"timestamp": "2026-08-05T04:20:11.108365+00:00", "level": "WARNING", "logger": "test_symbols", "message": "Erreur API: InvalidSymbol - Symbol frxEURUSD is invalid.", "module": "deriv_client", "function": "_read_loop", "line": 262}
{"timestamp": "2026-08-05T04:30:31.909435+00:00", "level": "INFO", "logger": "test_token", "message": "WebSocket connecte a wss://ws.derivws.com/websockets/v3 (tentative 1)", "module": "deriv_client", "function": "connect", "line": 76}
{"timestamp": "2026-08-05T04:30:32.225426+00:00", "level": "WARNING", "logger": "test_token", "message": "Erreur API: InvalidToken - The token is invalid.", "module": "deriv_client", "function": "_read_loop", "line": 262}
{"timestamp": "2026-08-05T04:30:32.225426+00:00", "level": "WARNING", "logger": "test_token", "message": "Authentification echouee: {\"code\": \"InvalidToken\", \"message\": \"The token is invalid.\"}", "module": "deriv_client", "function": "connect", "line": 95}
{"timestamp": "2026-08-05T04:30:32.471512+00:00", "level": "ERROR", "logger": "test_token", "message": "Token API invalide. Verifiez votre token sur https://app.deriv.com/account/api-token", "module": "deriv_client", "function": "connect", "line": 101}
{"timestamp": "2026-08-05T04:33:35.977654+00:00", "level": "INFO", "logger": "test_new_api", "message": "WebSocket public connecte (tentative 1)", "module": "deriv_client", "function": "connect", "line": 86}
{"timestamp": "2026-08-05T04:33:37.033126+00:00", "level": "WARNING", "logger": "test_new_api", "message": "Erreur API: InputValidationFailed - Input validation failed: end, ticks_history", "module": "deriv_client", "function": "_read_loop", "line": 284}
{"timestamp": "2026-08-05T04:34:24.028275+00:00", "level": "INFO", "logger": "debug", "message": "WebSocket public connecte (tentative 1)", "module": "deriv_client", "function": "connect", "line": 86}
{"timestamp": "2026-08-05T04:35:42.519504+00:00", "level": "INFO", "logger": "debug", "message": "WebSocket public connecte (tentative 1)", "module": "deriv_client", "function": "connect", "line": 86}
{"timestamp": "2026-08-05T04:35:44.977239+00:00", "level": "WARNING", "logger": "debug", "message": "Erreur API: InputValidationFailed - Input validation failed: end", "module": "deriv_client", "function": "_read_loop", "line": 284}
{"timestamp": "2026-08-05T04:39:42.712038+00:00", "level": "INFO", "logger": "backtest_live", "message": "WebSocket public connecte (tentative 1)", "module": "deriv_client", "function": "connect", "line": 86}
{"timestamp": "2026-08-05T04:39:42.727442+00:00", "level": "INFO", "logger": "backtest_live", "message": "Recuperation historique 1HZ100V: 2023-08-06 05:39:40 -> 2026-08-05 05:39:40", "module": "backtest_live", "function": "fetch_historical_ticks", "line": 52}
{"timestamp": "2026-08-05T04:39:54.699569+00:00", "level": "INFO", "logger": "backtest_live", "message": "  Progression: 0% | 10000 ticks | periode couverte: 2026-08-05 02:51:01", "module": "backtest_live", "function": "fetch_historical_ticks", "line": 102}
{"timestamp": "2026-08-05T04:40:07.333422+00:00", "level": "INFO", "logger": "backtest_live", "message": "  Progression: 0% | 20000 ticks | periode couverte: 2026-08-05 00:04:21", "module": "backtest_live", "function": "fetch_historical_ticks", "line": 102}
{"timestamp": "2026-08-05T04:40:21.221586+00:00", "level": "INFO", "logger": "backtest_live", "message": "  Progression: 0% | 30000 ticks | periode couverte: 2026-08-04 21:17:41", "module": "backtest_live", "function": "fetch_historical_ticks", "line": 102}
{"timestamp": "2026-08-05T04:40:34.262057+00:00", "level": "INFO", "logger": "backtest_live", "message": "  Progression: 0% | 40000 ticks | periode couverte: 2026-08-04 18:31:01", "module": "backtest_live", "function": "fetch_historical_ticks", "line": 102}
{"timestamp": "2026-08-05T04:40:48.255698+00:00", "level": "INFO", "logger": "backtest_live", "message": "  Progression: 0% | 50000 ticks | periode couverte: 2026-08-04 15:44:21", "module": "backtest_live", "function": "fetch_historical_ticks", "line": 102}
{"timestamp": "2026-08-05T04:41:00.018903+00:00", "level": "INFO", "logger": "backtest_live", "message": "  Progression: 0% | 60000 ticks | periode couverte: 2026-08-04 12:57:41", "module": "backtest_live", "function": "fetch_historical_ticks", "line": 102}
{"timestamp": "2026-08-05T04:41:12.653346+00:00", "level": "INFO", "logger": "backtest_live", "message": "  Progression: 0% | 70000 ticks | periode couverte: 2026-08-04 10:11:01", "module": "backtest_live", "function": "fetch_historical_ticks", "line": 102}
{"timestamp": "2026-08-05T04:41:26.548526+00:00", "level": "INFO", "logger": "backtest_live", "message": "  Progression: 0% | 80000 ticks | periode couverte: 2026-08-04 07:24:21", "module": "backtest_live", "function": "fetch_historical_ticks", "line": 102}
{"timestamp": "2026-08-05T04:41:40.717634+00:00", "level": "INFO", "logger": "backtest_live", "message": "  Progression: 0% | 90000 ticks | periode couverte: 2026-08-04 04:37:41", "module": "backtest_live", "function": "fetch_historical_ticks", "line": 102}
{"timestamp": "2026-08-05T04:41:56.399498+00:00", "level": "INFO", "logger": "backtest_live", "message": "  Progression: 0% | 100000 ticks | periode couverte: 2026-08-04 01:51:01", "module": "backtest_live", "function": "fetch_historical_ticks", "line": 102}
{"timestamp": "2026-08-05T04:42:10.302723+00:00", "level": "INFO", "logger": "backtest_live", "message": "  Progression: 0% | 110000 ticks | periode couverte: 2026-08-03 23:04:21", "module": "backtest_live", "function": "fetch_historical_ticks", "line": 102}
{"timestamp": "2026-08-05T04:42:24.803062+00:00", "level": "INFO", "logger": "backtest_live", "message": "  Progression: 0% | 120000 ticks | periode couverte: 2026-08-03 20:17:41", "module": "backtest_live", "function": "fetch_historical_ticks", "line": 102}
{"timestamp": "2026-08-05T04:42:39.745677+00:00", "level": "INFO", "logger": "backtest_live", "message": "  Progression: 0% | 130000 ticks | periode couverte: 2026-08-03 17:31:01", "module": "backtest_live", "function": "fetch_historical_ticks", "line": 102}
{"timestamp": "2026-08-05T04:42:54.314152+00:00", "level": "INFO", "logger": "backtest_live", "message": "  Progression: 0% | 140000 ticks | periode couverte: 2026-08-03 14:44:21", "module": "backtest_live", "function": "fetch_historical_ticks", "line": 102}
{"timestamp": "2026-08-05T04:43:08.703256+00:00", "level": "INFO", "logger": "backtest_live", "message": "  Progression: 0% | 150000 ticks | periode couverte: 2026-08-03 11:57:41", "module": "backtest_live", "function": "fetch_historical_ticks", "line": 102}
{"timestamp": "2026-08-05T04:43:21.240203+00:00", "level": "INFO", "logger": "backtest_live", "message": "  Progression: 0% | 160000 ticks | periode couverte: 2026-08-03 09:11:01", "module": "backtest_live", "function": "fetch_historical_ticks", "line": 102}
{"timestamp": "2026-08-05T04:43:34.389835+00:00", "level": "INFO", "logger": "backtest_live", "message": "  Progression: 0% | 170000 ticks | periode couverte: 2026-08-03 06:24:21", "module": "backtest_live", "function": "fetch_historical_ticks", "line": 102}
{"timestamp": "2026-08-05T04:43:48.556387+00:00", "level": "INFO", "logger": "backtest_live", "message": "  Progression: 0% | 180000 ticks | periode couverte: 2026-08-03 03:37:41", "module": "backtest_live", "function": "fetch_historical_ticks", "line": 102}
{"timestamp": "2026-08-05T04:44:02.285659+00:00", "level": "INFO", "logger": "backtest_live", "message": "  Progression: 0% | 190000 ticks | periode couverte: 2026-08-03 00:51:01", "module": "backtest_live", "function": "fetch_historical_ticks", "line": 102}
{"timestamp": "2026-08-05T04:44:14.013246+00:00", "level": "INFO", "logger": "backtest_live", "message": "  Progression: 0% | 200000 ticks | periode couverte: 2026-08-02 22:04:21", "module": "backtest_live", "function": "fetch_historical_ticks", "line": 102}
{"timestamp": "2026-08-05T04:44:27.722614+00:00", "level": "INFO", "logger": "backtest_live", "message": "  Progression: 0% | 210000 ticks | periode couverte: 2026-08-02 19:17:41", "module": "backtest_live", "function": "fetch_historical_ticks", "line": 102}
{"timestamp": "2026-08-05T04:44:39.415451+00:00", "level": "INFO", "logger": "backtest_live", "message": "  Progression: 0% | 220000 ticks | periode couverte: 2026-08-02 16:31:01", "module": "backtest_live", "function": "fetch_historical_ticks", "line": 102}
{"timestamp": "2026-08-05T04:44:52.899704+00:00", "level": "INFO", "logger": "backtest_live", "message": "  Progression: 0% | 230000 ticks | periode couverte: 2026-08-02 13:44:21", "module": "backtest_live", "function": "fetch_historical_ticks", "line": 102}
{"timestamp": "2026-08-05T04:45:06.231446+00:00", "level": "INFO", "logger": "backtest_live", "message": "  Progression: 0% | 240000 ticks | periode couverte: 2026-08-02 10:57:41", "module": "backtest_live", "function": "fetch_historical_ticks", "line": 102}
{"timestamp": "2026-08-05T04:45:20.110738+00:00", "level": "INFO", "logger": "backtest_live", "message": "  Progression: 0% | 250000 ticks | periode couverte: 2026-08-02 08:11:01", "module": "backtest_live", "function": "fetch_historical_ticks", "line": 102}
{"timestamp": "2026-08-05T04:45:35.205010+00:00", "level": "INFO", "logger": "backtest_live", "message": "  Progression: 0% | 260000 ticks | periode couverte: 2026-08-02 05:24:21", "module": "backtest_live", "function": "fetch_historical_ticks", "line": 102}
{"timestamp": "2026-08-05T04:45:49.137554+00:00", "level": "INFO", "logger": "backtest_live", "message": "  Progression: 0% | 270000 ticks | periode couverte: 2026-08-02 02:37:41", "module": "backtest_live", "function": "fetch_historical_ticks", "line": 102}
{"timestamp": "2026-08-05T04:46:02.167614+00:00", "level": "INFO", "logger": "backtest_live", "message": "  Progression: 0% | 280000 ticks | periode couverte: 2026-08-01 23:51:01", "module": "backtest_live", "function": "fetch_historical_ticks", "line": 102}
{"timestamp": "2026-08-05T04:46:15.414663+00:00", "level": "INFO", "logger": "backtest_live", "message": "  Progression: 0% | 290000 ticks | periode couverte: 2026-08-01 21:04:21", "module": "backtest_live", "function": "fetch_historical_ticks", "line": 102}
{"timestamp": "2026-08-05T04:46:30.341221+00:00", "level": "INFO", "logger": "backtest_live", "message": "  Progression: 0% | 300000 ticks | periode couverte: 2026-08-01 18:17:41", "module": "backtest_live", "function": "fetch_historical_ticks", "line": 102}
{"timestamp": "2026-08-05T04:46:44.245661+00:00", "level": "INFO", "logger": "backtest_live", "message": "  Progression: 0% | 310000 ticks | periode couverte: 2026-08-01 15:31:01", "module": "backtest_live", "function": "fetch_historical_ticks", "line": 102}
{"timestamp": "2026-08-05T04:46:57.415371+00:00", "level": "INFO", "logger": "backtest_live", "message": "  Progression: 0% | 320000 ticks | periode couverte: 2026-08-01 12:44:21", "module": "backtest_live", "function": "fetch_historical_ticks", "line": 102}
{"timestamp": "2026-08-05T04:47:10.675399+00:00", "level": "INFO", "logger": "backtest_live", "message": "  Progression: 0% | 330000 ticks | periode couverte: 2026-08-01 09:57:41", "module": "backtest_live", "function": "fetch_historical_ticks", "line": 102}
{"timestamp": "2026-08-05T04:47:25.496339+00:00", "level": "INFO", "logger": "backtest_live", "message": "  Progression: 0% | 340000 ticks | periode couverte: 2026-08-01 07:11:01", "module": "backtest_live", "function": "fetch_historical_ticks", "line": 102}
{"timestamp": "2026-08-05T04:47:38.172237+00:00", "level": "INFO", "logger": "backtest_live", "message": "  Progression: 0% | 350000 ticks | periode couverte: 2026-08-01 04:24:21", "module": "backtest_live", "function": "fetch_historical_ticks", "line": 102}
{"timestamp": "2026-08-05T04:47:52.696023+00:00", "level": "INFO", "logger": "backtest_live", "message": "  Progression: 0% | 360000 ticks | periode couverte: 2026-08-01 01:37:41", "module": "backtest_live", "function": "fetch_historical_ticks", "line": 102}
{"timestamp": "2026-08-05T04:48:05.816404+00:00", "level": "INFO", "logger": "backtest_live", "message": "  Progression: 0% | 370000 ticks | periode couverte: 2026-07-31 22:51:01", "module": "backtest_live", "function": "fetch_historical_ticks", "line": 102}
{"timestamp": "2026-08-05T04:48:19.319773+00:00", "level": "INFO", "logger": "backtest_live", "message": "  Progression: 0% | 380000 ticks | periode couverte: 2026-07-31 20:04:21", "module": "backtest_live", "function": "fetch_historical_ticks", "line": 102}
{"timestamp": "2026-08-05T04:48:35.314347+00:00", "level": "INFO", "logger": "backtest_live", "message": "  Progression: 0% | 390000 ticks | periode couverte: 2026-07-31 17:17:41", "module": "backtest_live", "function": "fetch_historical_ticks", "line": 102}
{"timestamp": "2026-08-05T04:48:49.353202+00:00", "level": "INFO", "logger": "backtest_live", "message": "  Progression: 0% | 400000 ticks | periode couverte: 2026-07-31 14:31:01", "module": "backtest_live", "function": "fetch_historical_ticks", "line": 102}
{"timestamp": "2026-08-05T04:49:05.575475+00:00", "level": "INFO", "logger": "backtest_live", "message": "  Progression: 0% | 410000 ticks | periode couverte: 2026-07-31 11:44:21", "module": "backtest_live", "function": "fetch_historical_ticks", "line": 102}
{"timestamp": "2026-08-05T04:49:19.573896+00:00", "level": "INFO", "logger": "backtest_live", "message": "  Progression: 0% | 420000 ticks | periode couverte: 2026-07-31 08:57:41", "module": "backtest_live", "function": "fetch_historical_ticks", "line": 102}
{"timestamp": "2026-08-05T04:49:35.182906+00:00", "level": "INFO", "logger": "backtest_live", "message": "  Progression: 0% | 430000 ticks | periode couverte: 2026-07-31 06:10:55", "module": "backtest_live", "function": "fetch_historical_ticks", "line": 102}
{"timestamp": "2026-08-05T04:49:49.624598+00:00", "level": "INFO", "logger": "backtest_live", "message": "  Progression: 0% | 440000 ticks | periode couverte: 2026-07-31 03:24:15", "module": "backtest_live", "function": "fetch_historical_ticks", "line": 102}
{"timestamp": "2026-08-05T04:50:03.810909+00:00", "level": "INFO", "logger": "backtest_live", "message": "  Progression: 0% | 450000 ticks | periode couverte: 2026-07-31 00:37:35", "module": "backtest_live", "function": "fetch_historical_ticks", "line": 102}
{"timestamp": "2026-08-05T04:50:17.174758+00:00", "level": "INFO", "logger": "backtest_live", "message": "  Progression: 0% | 460000 ticks | periode couverte: 2026-07-30 21:50:55", "module": "backtest_live", "function": "fetch_historical_ticks", "line": 102}
{"timestamp": "2026-08-05T04:50:31.769417+00:00", "level": "INFO", "logger": "backtest_live", "message": "  Progression: 0% | 470000 ticks | periode couverte: 2026-07-30 19:04:15", "module": "backtest_live", "function": "fetch_historical_ticks", "line": 102}
{"timestamp": "2026-08-05T04:50:47.029873+00:00", "level": "INFO", "logger": "backtest_live", "message": "  Progression: 1% | 480000 ticks | periode couverte: 2026-07-30 16:17:35", "module": "backtest_live", "function": "fetch_historical_ticks", "line": 102}
{"timestamp": "2026-08-05T04:51:02.622596+00:00", "level": "INFO", "logger": "backtest_live", "message": "  Progression: 1% | 490000 ticks | periode couverte: 2026-07-30 13:30:55", "module": "backtest_live", "function": "fetch_historical_ticks", "line": 102}
{"timestamp": "2026-08-05T04:51:16.681167+00:00", "level": "INFO", "logger": "backtest_live", "message": "  Progression: 1% | 500000 ticks | periode couverte: 2026-07-30 10:44:15", "module": "backtest_live", "function": "fetch_historical_ticks", "line": 102}
{"timestamp": "2026-08-05T04:51:17.366160+00:00", "level": "INFO", "logger": "backtest_live", "message": "Historique recupere: 500000 ticks au total", "module": "backtest_live", "function": "fetch_historical_ticks", "line": 109}
{"timestamp": "2026-08-05T04:51:18.246671+00:00", "level": "WARNING", "logger": "backtest_live", "message": "TA-Lib non installé — utilisation des calculs NumPy purs (moins rapide)", "module": "indicators", "function": "__init__", "line": 35}
{"timestamp": "2026-08-05T04:51:58.356888+00:00", "level": "INFO", "logger": "backtest_live", "message": "Backtest termine | Trades=72 | WinRate=16.7% | Return=-6.62% | MaxDD=31.06% | Sharpe=0.00 | ProfitFactor=0.95", "module": "backtester", "function": "run", "line": 256}
{"timestamp": "2026-08-05T04:55:17.378199+00:00", "level": "INFO", "logger": "backtest", "message": "=== BACKTESTING ===", "module": "main", "function": "cmd_backtest", "line": 168}
{"timestamp": "2026-08-05T04:55:17.378199+00:00", "level": "WARNING", "logger": "backtest", "message": "TA-Lib non installé — utilisation des calculs NumPy purs (moins rapide)", "module": "indicators", "function": "__init__", "line": 35}
{"timestamp": "2026-08-05T04:55:17.378199+00:00", "level": "INFO", "logger": "backtest", "message": "Generation de donnees synthetiques (5000 bougies M1)...", "module": "main", "function": "cmd_backtest", "line": 171}
{"timestamp": "2026-08-05T04:55:17.544846+00:00", "level": "INFO", "logger": "backtest", "message": "Donnees generees: 5000 bougies", "module": "main", "function": "cmd_backtest", "line": 173}
{"timestamp": "2026-08-05T04:56:02.961782+00:00", "level": "INFO", "logger": "backtest", "message": "Backtest termine | Trades=50 | WinRate=0.0% | Return=-63.58% | MaxDD=63.58% | Sharpe=-369834504564227840.00 | ProfitFactor=0.00", "module": "backtester", "function": "run", "line": 256}
{"timestamp": "2026-08-05T04:56:30.003099+00:00", "level": "INFO", "logger": "backtest_live", "message": "WebSocket public connecte (tentative 1)", "module": "deriv_client", "function": "connect", "line": 86}
{"timestamp": "2026-08-05T04:56:30.022347+00:00", "level": "INFO", "logger": "backtest_live", "message": "Recuperation historique 1HZ100V: 2023-08-06 05:56:28 -> 2026-08-05 05:56:28", "module": "backtest_live", "function": "fetch_historical_ticks", "line": 52}
{"timestamp": "2026-08-05T04:56:43.252080+00:00", "level": "INFO", "logger": "backtest_live", "message": "  Progression: 0% | 10000 ticks | periode couverte: 2026-08-05 03:07:48", "module": "backtest_live", "function": "fetch_historical_ticks", "line": 102}
{"timestamp": "2026-08-05T04:56:55.332991+00:00", "level": "INFO", "logger": "backtest_live", "message": "  Progression: 0% | 20000 ticks | periode couverte: 2026-08-05 00:21:08", "module": "backtest_live", "function": "fetch_historical_ticks", "line": 102}
{"timestamp": "2026-08-05T04:57:09.012180+00:00", "level": "INFO", "logger": "backtest_live", "message": "  Progression: 0% | 30000 ticks | periode couverte: 2026-08-04 21:34:28", "module": "backtest_live", "function": "fetch_historical_ticks", "line": 102}
{"timestamp": "2026-08-05T04:57:22.411879+00:00", "level": "INFO", "logger": "backtest_live", "message": "  Progression: 0% | 40000 ticks | periode couverte: 2026-08-04 18:47:48", "module": "backtest_live", "function": "fetch_historical_ticks", "line": 102}
{"timestamp": "2026-08-05T04:57:35.932632+00:00", "level": "INFO", "logger": "backtest_live", "message": "  Progression: 0% | 50000 ticks | periode couverte: 2026-08-04 16:01:08", "module": "backtest_live", "function": "fetch_historical_ticks", "line": 102}
{"timestamp": "2026-08-05T04:57:50.366759+00:00", "level": "INFO", "logger": "backtest_live", "message": "  Progression: 0% | 60000 ticks | periode couverte: 2026-08-04 13:14:28", "module": "backtest_live", "function": "fetch_historical_ticks", "line": 102}
{"timestamp": "2026-08-05T04:58:05.177218+00:00", "level": "INFO", "logger": "backtest_live", "message": "  Progression: 0% | 70000 ticks | periode couverte: 2026-08-04 10:27:48", "module": "backtest_live", "function": "fetch_historical_ticks", "line": 102}
{"timestamp": "2026-08-05T04:58:17.221321+00:00", "level": "INFO", "logger": "backtest_live", "message": "  Progression: 0% | 80000 ticks | periode couverte: 2026-08-04 07:41:08", "module": "backtest_live", "function": "fetch_historical_ticks", "line": 102}
{"timestamp": "2026-08-05T04:58:32.069361+00:00", "level": "INFO", "logger": "backtest_live", "message": "  Progression: 0% | 90000 ticks | periode couverte: 2026-08-04 04:54:28", "module": "backtest_live", "function": "fetch_historical_ticks", "line": 102}
{"timestamp": "2026-08-05T04:58:45.621329+00:00", "level": "INFO", "logger": "backtest_live", "message": "  Progression: 0% | 100000 ticks | periode couverte: 2026-08-04 02:07:48", "module": "backtest_live", "function": "fetch_historical_ticks", "line": 102}
{"timestamp": "2026-08-05T04:58:58.547046+00:00", "level": "INFO", "logger": "backtest_live", "message": "  Progression: 0% | 110000 ticks | periode couverte: 2026-08-03 23:21:08", "module": "backtest_live", "function": "fetch_historical_ticks", "line": 102}
{"timestamp": "2026-08-05T04:59:12.644554+00:00", "level": "INFO", "logger": "backtest_live", "message": "  Progression: 0% | 120000 ticks | periode couverte: 2026-08-03 20:34:28", "module": "backtest_live", "function": "fetch_historical_ticks", "line": 102}
{"timestamp": "2026-08-05T04:59:24.529878+00:00", "level": "INFO", "logger": "backtest_live", "message": "  Progression: 0% | 130000 ticks | periode couverte: 2026-08-03 17:47:48", "module": "backtest_live", "function": "fetch_historical_ticks", "line": 102}
{"timestamp": "2026-08-05T04:59:37.730093+00:00", "level": "INFO", "logger": "backtest_live", "message": "  Progression: 0% | 140000 ticks | periode couverte: 2026-08-03 15:01:08", "module": "backtest_live", "function": "fetch_historical_ticks", "line": 102}
{"timestamp": "2026-08-05T04:59:50.707090+00:00", "level": "INFO", "logger": "backtest_live", "message": "  Progression: 0% | 150000 ticks | periode couverte: 2026-08-03 12:14:28", "module": "backtest_live", "function": "fetch_historical_ticks", "line": 102}
{"timestamp": "2026-08-05T05:00:05.200159+00:00", "level": "INFO", "logger": "backtest_live", "message": "  Progression: 0% | 160000 ticks | periode couverte: 2026-08-03 09:27:48", "module": "backtest_live", "function": "fetch_historical_ticks", "line": 102}
{"timestamp": "2026-08-05T05:00:18.704735+00:00", "level": "INFO", "logger": "backtest_live", "message": "  Progression: 0% | 170000 ticks | periode couverte: 2026-08-03 06:41:08", "module": "backtest_live", "function": "fetch_historical_ticks", "line": 102}
{"timestamp": "2026-08-05T05:00:32.539136+00:00", "level": "INFO", "logger": "backtest_live", "message": "  Progression: 0% | 180000 ticks | periode couverte: 2026-08-03 03:54:28", "module": "backtest_live", "function": "fetch_historical_ticks", "line": 102}
{"timestamp": "2026-08-05T05:00:49.679030+00:00", "level": "INFO", "logger": "backtest_live", "message": "  Progression: 0% | 190000 ticks | periode couverte: 2026-08-03 01:07:48", "module": "backtest_live", "function": "fetch_historical_ticks", "line": 102}
{"timestamp": "2026-08-05T05:01:04.283504+00:00", "level": "INFO", "logger": "backtest_live", "message": "  Progression: 0% | 200000 ticks | periode couverte: 2026-08-02 22:21:08", "module": "backtest_live", "function": "fetch_historical_ticks", "line": 102}
{"timestamp": "2026-08-05T05:01:16.538559+00:00", "level": "INFO", "logger": "backtest_live", "message": "  Progression: 0% | 210000 ticks | periode couverte: 2026-08-02 19:34:28", "module": "backtest_live", "function": "fetch_historical_ticks", "line": 102}
{"timestamp": "2026-08-05T05:01:30.349153+00:00", "level": "INFO", "logger": "backtest_live", "message": "  Progression: 0% | 220000 ticks | periode couverte: 2026-08-02 16:47:48", "module": "backtest_live", "function": "fetch_historical_ticks", "line": 102}
{"timestamp": "2026-08-05T05:01:41.361224+00:00", "level": "INFO", "logger": "backtest_live", "message": "  Progression: 0% | 230000 ticks | periode couverte: 2026-08-02 14:01:08", "module": "backtest_live", "function": "fetch_historical_ticks", "line": 102}
{"timestamp": "2026-08-05T05:01:54.581148+00:00", "level": "INFO", "logger": "backtest_live", "message": "  Progression: 0% | 240000 ticks | periode couverte: 2026-08-02 11:14:28", "module": "backtest_live", "function": "fetch_historical_ticks", "line": 102}
{"timestamp": "2026-08-05T05:02:08.128198+00:00", "level": "INFO", "logger": "backtest_live", "message": "  Progression: 0% | 250000 ticks | periode couverte: 2026-08-02 08:27:48", "module": "backtest_live", "function": "fetch_historical_ticks", "line": 102}
{"timestamp": "2026-08-05T05:02:22.101078+00:00", "level": "INFO", "logger": "backtest_live", "message": "  Progression: 0% | 260000 ticks | periode couverte: 2026-08-02 05:41:08", "module": "backtest_live", "function": "fetch_historical_ticks", "line": 102}
{"timestamp": "2026-08-05T05:02:34.854894+00:00", "level": "INFO", "logger": "backtest_live", "message": "  Progression: 0% | 270000 ticks | periode couverte: 2026-08-02 02:54:28", "module": "backtest_live", "function": "fetch_historical_ticks", "line": 102}
{"timestamp": "2026-08-05T05:02:48.341254+00:00", "level": "INFO", "logger": "backtest_live", "message": "  Progression: 0% | 280000 ticks | periode couverte: 2026-08-02 00:07:48", "module": "backtest_live", "function": "fetch_historical_ticks", "line": 102}
{"timestamp": "2026-08-05T05:03:02.267891+00:00", "level": "INFO", "logger": "backtest_live", "message": "  Progression: 0% | 290000 ticks | periode couverte: 2026-08-01 21:21:08", "module": "backtest_live", "function": "fetch_historical_ticks", "line": 102}
{"timestamp": "2026-08-05T05:03:16.709224+00:00", "level": "INFO", "logger": "backtest_live", "message": "  Progression: 0% | 300000 ticks | periode couverte: 2026-08-01 18:34:28", "module": "backtest_live", "function": "fetch_historical_ticks", "line": 102}
{"timestamp": "2026-08-05T05:03:30.359580+00:00", "level": "INFO", "logger": "backtest_live", "message": "  Progression: 0% | 310000 ticks | periode couverte: 2026-08-01 15:47:48", "module": "backtest_live", "function": "fetch_historical_ticks", "line": 102}
{"timestamp": "2026-08-05T05:03:43.531011+00:00", "level": "INFO", "logger": "backtest_live", "message": "  Progression: 0% | 320000 ticks | periode couverte: 2026-08-01 13:01:08", "module": "backtest_live", "function": "fetch_historical_ticks", "line": 102}
{"timestamp": "2026-08-05T05:03:55.954895+00:00", "level": "INFO", "logger": "backtest_live", "message": "  Progression: 0% | 330000 ticks | periode couverte: 2026-08-01 10:14:28", "module": "backtest_live", "function": "fetch_historical_ticks", "line": 102}
{"timestamp": "2026-08-05T05:04:10.678616+00:00", "level": "INFO", "logger": "backtest_live", "message": "  Progression: 0% | 340000 ticks | periode couverte: 2026-08-01 07:27:48", "module": "backtest_live", "function": "fetch_historical_ticks", "line": 102}
{"timestamp": "2026-08-05T05:04:27.523498+00:00", "level": "INFO", "logger": "backtest_live", "message": "  Progression: 0% | 350000 ticks | periode couverte: 2026-08-01 04:41:08", "module": "backtest_live", "function": "fetch_historical_ticks", "line": 102}
{"timestamp": "2026-08-05T05:04:42.821101+00:00", "level": "INFO", "logger": "backtest_live", "message": "  Progression: 0% | 360000 ticks | periode couverte: 2026-08-01 01:54:28", "module": "backtest_live", "function": "fetch_historical_ticks", "line": 102}
{"timestamp": "2026-08-05T05:04:55.696460+00:00", "level": "INFO", "logger": "backtest_live", "message": "  Progression: 0% | 370000 ticks | periode couverte: 2026-07-31 23:07:48", "module": "backtest_live", "function": "fetch_historical_ticks", "line": 102}
{"timestamp": "2026-08-05T05:05:11.117402+00:00", "level": "INFO", "logger": "backtest_live", "message": "  Progression: 0% | 380000 ticks | periode couverte: 2026-07-31 20:21:08", "module": "backtest_live", "function": "fetch_historical_ticks", "line": 102}
{"timestamp": "2026-08-05T05:05:26.193948+00:00", "level": "INFO", "logger": "backtest_live", "message": "  Progression: 0% | 390000 ticks | periode couverte: 2026-07-31 17:34:28", "module": "backtest_live", "function": "fetch_historical_ticks", "line": 102}
{"timestamp": "2026-08-05T05:05:40.419136+00:00", "level": "INFO", "logger": "backtest_live", "message": "  Progression: 0% | 400000 ticks | periode couverte: 2026-07-31 14:47:48", "module": "backtest_live", "function": "fetch_historical_ticks", "line": 102}
{"timestamp": "2026-08-05T05:05:54.889332+00:00", "level": "INFO", "logger": "backtest_live", "message": "  Progression: 0% | 410000 ticks | periode couverte: 2026-07-31 12:01:08", "module": "backtest_live", "function": "fetch_historical_ticks", "line": 102}
{"timestamp": "2026-08-05T05:06:39.822403+00:00", "level": "WARNING", "logger": "backtest_live", "message": "Timeout requete [req_id=419]", "module": "deriv_client", "function": "_send_request", "line": 209}
{"timestamp": "2026-08-05T05:06:39.822403+00:00", "level": "WARNING", "logger": "backtest_live", "message": "Timeout requete #419, reessai...", "module": "backtest_live", "function": "fetch_historical_ticks", "line": 68}
{"timestamp": "2026-08-05T05:06:58.366956+00:00", "level": "INFO", "logger": "backtest_live", "message": "Connexion fermee par le serveur: sent 1011 (unexpected error) keepalive ping timeout; no close frame received", "module": "deriv_client", "function": "_read_loop", "line": 271}
{"timestamp": "2026-08-05T05:07:10.822585+00:00", "level": "WARNING", "logger": "backtest_live", "message": "Timeout requete [req_id=420]", "module": "deriv_client", "function": "_send_request", "line": 209}
{"timestamp": "2026-08-05T05:07:10.822585+00:00", "level": "WARNING", "logger": "backtest_live", "message": "Timeout requete #420, reessai...", "module": "backtest_live", "function": "fetch_historical_ticks", "line": 68}
{"timestamp": "2026-08-05T05:07:11.824666+00:00", "level": "WARNING", "logger": "backtest_live", "message": "Tentative d'envoi alors que deconnecte", "module": "deriv_client", "function": "_send_request", "line": 194}
{"timestamp": "2026-08-05T05:07:11.824666+00:00", "level": "WARNING", "logger": "backtest_live", "message": "Timeout requete #421, reessai...", "module": "backtest_live", "function": "fetch_historical_ticks", "line": 68}
{"timestamp": "2026-08-05T05:07:12.832995+00:00", "level": "WARNING", "logger": "backtest_live", "message": "Tentative d'envoi alors que deconnecte", "module": "deriv_client", "function": "_send_request", "line": 194}
{"timestamp": "2026-08-05T05:07:12.832995+00:00", "level": "WARNING", "logger": "backtest_live", "message": "Timeout requete #422, reessai...", "module": "backtest_live", "function": "fetch_historical_ticks", "line": 68}
{"timestamp": "2026-08-05T05:07:13.838438+00:00", "level": "WARNING", "logger": "backtest_live", "message": "Tentative d'envoi alors que deconnecte", "module": "deriv_client", "function": "_send_request", "line": 194}
{"timestamp": "2026-08-05T05:07:13.838438+00:00", "level": "WARNING", "logger": "backtest_live", "message": "Timeout requete #423, reessai...", "module": "backtest_live", "function": "fetch_historical_ticks", "line": 68}
{"timestamp": "2026-08-05T05:07:14.859748+00:00", "level": "WARNING", "logger": "backtest_live", "message": "Tentative d'envoi alors que deconnecte", "module": "deriv_client", "function": "_send_request", "line": 194}
{"timestamp": "2026-08-05T05:07:14.859748+00:00", "level": "WARNING", "logger": "backtest_live", "message": "Timeout requete #424, reessai...", "module": "backtest_live", "function": "fetch_historical_ticks", "line": 68}
{"timestamp": "2026-08-05T05:07:15.861665+00:00", "level": "WARNING", "logger": "backtest_live", "message": "Tentative d'envoi alors que deconnecte", "module": "deriv_client", "function": "_send_request", "line": 194}
{"timestamp": "2026-08-05T05:07:15.866779+00:00", "level": "WARNING", "logger": "backtest_live", "message": "Timeout requete #425, reessai...", "module": "backtest_live", "function": "fetch_historical_ticks", "line": 68}
{"timestamp": "2026-08-05T05:07:16.879887+00:00", "level": "WARNING", "logger": "backtest_live", "message": "Tentative d'envoi alors que deconnecte", "module": "deriv_client", "function": "_send_request", "line": 194}
{"timestamp": "2026-08-05T05:07:16.879887+00:00", "level": "WARNING", "logger": "backtest_live", "message": "Timeout requete #426, reessai...", "module": "backtest_live", "function": "fetch_historical_ticks", "line": 68}
{"timestamp": "2026-08-05T05:07:17.880375+00:00", "level": "WARNING", "logger": "backtest_live", "message": "Tentative d'envoi alors que deconnecte", "module": "deriv_client", "function": "_send_request", "line": 194}
{"timestamp": "2026-08-05T05:07:17.880375+00:00", "level": "WARNING", "logger": "backtest_live", "message": "Timeout requete #427, reessai...", "module": "backtest_live", "function": "fetch_historical_ticks", "line": 68}
{"timestamp": "2026-08-05T05:07:18.880429+00:00", "level": "WARNING", "logger": "backtest_live", "message": "Tentative d'envoi alors que deconnecte", "module": "deriv_client", "function": "_send_request", "line": 194}
{"timestamp": "2026-08-05T05:07:18.880429+00:00", "level": "WARNING", "logger": "backtest_live", "message": "Timeout requete #428, reessai...", "module": "backtest_live", "function": "fetch_historical_ticks", "line": 68}
{"timestamp": "2026-08-05T05:07:19.886797+00:00", "level": "WARNING", "logger": "backtest_live", "message": "Tentative d'envoi alors que deconnecte", "module": "deriv_client", "function": "_send_request", "line": 194}
{"timestamp": "2026-08-05T05:07:19.886797+00:00", "level": "WARNING", "logger": "backtest_live", "message": "Timeout requete #429, reessai...", "module": "backtest_live", "function": "fetch_historical_ticks", "line": 68}
{"timestamp": "2026-08-05T05:07:20.900539+00:00", "level": "WARNING", "logger": "backtest_live", "message": "Tentative d'envoi alors que deconnecte", "module": "deriv_client", "function": "_send_request", "line": 194}
{"timestamp": "2026-08-05T05:07:20.900539+00:00", "level": "WARNING", "logger": "backtest_live", "message": "Timeout requete #430, reessai...", "module": "backtest_live", "function": "fetch_historical_ticks", "line": 68}
{"timestamp": "2026-08-05T05:07:21.904579+00:00", "level": "WARNING", "logger": "backtest_live", "message": "Tentative d'envoi alors que deconnecte", "module": "deriv_client", "function": "_send_request", "line": 194}
{"timestamp": "2026-08-05T05:07:21.904579+00:00", "level": "WARNING", "logger": "backtest_live", "message": "Timeout requete #431, reessai...", "module": "backtest_live", "function": "fetch_historical_ticks", "line": 68}
{"timestamp": "2026-08-05T05:07:22.904627+00:00", "level": "WARNING", "logger": "backtest_live", "message": "Tentative d'envoi alors que deconnecte", "module": "deriv_client", "function": "_send_request", "line": 194}
{"timestamp": "2026-08-05T05:07:22.904627+00:00", "level": "WARNING", "logger": "backtest_live", "message": "Timeout requete #432, reessai...", "module": "backtest_live", "function": "fetch_historical_ticks", "line": 68}
{"timestamp": "2026-08-05T05:07:23.905067+00:00", "level": "WARNING", "logger": "backtest_live", "message": "Tentative d'envoi alors que deconnecte", "module": "deriv_client", "function": "_send_request", "line": 194}
{"timestamp": "2026-08-05T05:07:23.905067+00:00", "level": "WARNING", "logger": "backtest_live", "message": "Timeout requete #433, reessai...", "module": "backtest_live", "function": "fetch_historical_ticks", "line": 68}
{"timestamp": "2026-08-05T05:07:24.920554+00:00", "level": "WARNING", "logger": "backtest_live", "message": "Tentative d'envoi alors que deconnecte", "module": "deriv_client", "function": "_send_request", "line": 194}
{"timestamp": "2026-08-05T05:07:24.920554+00:00", "level": "WARNING", "logger": "backtest_live", "message": "Timeout requete #434, reessai...", "module": "backtest_live", "function": "fetch_historical_ticks", "line": 68}
{"timestamp": "2026-08-05T05:07:25.925111+00:00", "level": "WARNING", "logger": "backtest_live", "message": "Tentative d'envoi alors que deconnecte", "module": "deriv_client", "function": "_send_request", "line": 194}
{"timestamp": "2026-08-05T05:07:25.928683+00:00", "level": "WARNING", "logger": "backtest_live", "message": "Timeout requete #435, reessai...", "module": "backtest_live", "function": "fetch_historical_ticks", "line": 68}
{"timestamp": "2026-08-05T05:07:26.941586+00:00", "level": "WARNING", "logger": "backtest_live", "message": "Tentative d'envoi alors que deconnecte", "module": "deriv_client", "function": "_send_request", "line": 194}
{"timestamp": "2026-08-05T05:07:26.941586+00:00", "level": "WARNING", "logger": "backtest_live", "message": "Timeout requete #436, reessai...", "module": "backtest_live", "function": "fetch_historical_ticks", "line": 68}
{"timestamp": "2026-08-05T05:07:27.947425+00:00", "level": "WARNING", "logger": "backtest_live", "message": "Tentative d'envoi alors que deconnecte", "module": "deriv_client", "function": "_send_request", "line": 194}
{"timestamp": "2026-08-05T05:07:27.947425+00:00", "level": "WARNING", "logger": "backtest_live", "message": "Timeout requete #437, reessai...", "module": "backtest_live", "function": "fetch_historical_ticks", "line": 68}
{"timestamp": "2026-08-05T05:07:28.948370+00:00", "level": "WARNING", "logger": "backtest_live", "message": "Tentative d'envoi alors que deconnecte", "module": "deriv_client", "function": "_send_request", "line": 194}
{"timestamp": "2026-08-05T05:07:28.948370+00:00", "level": "WARNING", "logger": "backtest_live", "message": "Timeout requete #438, reessai...", "module": "backtest_live", "function": "fetch_historical_ticks", "line": 68}
{"timestamp": "2026-08-05T05:07:29.962672+00:00", "level": "WARNING", "logger": "backtest_live", "message": "Tentative d'envoi alors que deconnecte", "module": "deriv_client", "function": "_send_request", "line": 194}
{"timestamp": "2026-08-05T05:07:29.967758+00:00", "level": "WARNING", "logger": "backtest_live", "message": "Timeout requete #439, reessai...", "module": "backtest_live", "function": "fetch_historical_ticks", "line": 68}
{"timestamp": "2026-08-05T05:07:30.968000+00:00", "level": "WARNING", "logger": "backtest_live", "message": "Tentative d'envoi alors que deconnecte", "module": "deriv_client", "function": "_send_request", "line": 194}
{"timestamp": "2026-08-05T05:07:30.968000+00:00", "level": "WARNING", "logger": "backtest_live", "message": "Timeout requete #440, reessai...", "module": "backtest_live", "function": "fetch_historical_ticks", "line": 68}
{"timestamp": "2026-08-05T05:07:31.982076+00:00", "level": "WARNING", "logger": "backtest_live", "message": "Tentative d'envoi alors que deconnecte", "module": "deriv_client", "function": "_send_request", "line": 194}
{"timestamp": "2026-08-05T05:07:31.982076+00:00", "level": "WARNING", "logger": "backtest_live", "message": "Timeout requete #441, reessai...", "module": "backtest_live", "function": "fetch_historical_ticks", "line": 68}
{"timestamp": "2026-08-05T05:07:32.982645+00:00", "level": "WARNING", "logger": "backtest_live", "message": "Tentative d'envoi alors que deconnecte", "module": "deriv_client", "function": "_send_request", "line": 194}
{"timestamp": "2026-08-05T05:07:32.982645+00:00", "level": "WARNING", "logger": "backtest_live", "message": "Timeout requete #442, reessai...", "module": "backtest_live", "function": "fetch_historical_ticks", "line": 68}
{"timestamp": "2026-08-05T05:07:33.984205+00:00", "level": "WARNING", "logger": "backtest_live", "message": "Tentative d'envoi alors que deconnecte", "module": "deriv_client", "function": "_send_request", "line": 194}
{"timestamp": "2026-08-05T05:07:33.988512+00:00", "level": "WARNING", "logger": "backtest_live", "message": "Timeout requete #443, reessai...", "module": "backtest_live", "function": "fetch_historical_ticks", "line": 68}
{"timestamp": "2026-08-05T05:07:35.002949+00:00", "level": "WARNING", "logger": "backtest_live", "message": "Tentative d'envoi alors que deconnecte", "module": "deriv_client", "function": "_send_request", "line": 194}
{"timestamp": "2026-08-05T05:07:35.002949+00:00", "level": "WARNING", "logger": "backtest_live", "message": "Timeout requete #444, reessai...", "module": "backtest_live", "function": "fetch_historical_ticks", "line": 68}
{"timestamp": "2026-08-05T05:07:36.003663+00:00", "level": "WARNING", "logger": "backtest_live", "message": "Tentative d'envoi alors que deconnecte", "module": "deriv_client", "function": "_send_request", "line": 194}
{"timestamp": "2026-08-05T05:07:36.006996+00:00", "level": "WARNING", "logger": "backtest_live", "message": "Timeout requete #445, reessai...", "module": "backtest_live", "function": "fetch_historical_ticks", "line": 68}
{"timestamp": "2026-08-05T05:07:37.023850+00:00", "level": "WARNING", "logger": "backtest_live", "message": "Tentative d'envoi alors que deconnecte", "module": "deriv_client", "function": "_send_request", "line": 194}
{"timestamp": "2026-08-05T05:07:37.023850+00:00", "level": "WARNING", "logger": "backtest_live", "message": "Timeout requete #446, reessai...", "module": "backtest_live", "function": "fetch_historical_ticks", "line": 68}
{"timestamp": "2026-08-05T05:07:38.025681+00:00", "level": "WARNING", "logger": "backtest_live", "message": "Tentative d'envoi alors que deconnecte", "module": "deriv_client", "function": "_send_request", "line": 194}
{"timestamp": "2026-08-05T05:07:38.028716+00:00", "level": "WARNING", "logger": "backtest_live", "message": "Timeout requete #447, reessai...", "module": "backtest_live", "function": "fetch_historical_ticks", "line": 68}
{"timestamp": "2026-08-05T05:07:39.031134+00:00", "level": "WARNING", "logger": "backtest_live", "message": "Tentative d'envoi alors que deconnecte", "module": "deriv_client", "function": "_send_request", "line": 194}
{"timestamp": "2026-08-05T05:07:39.031134+00:00", "level": "WARNING", "logger": "backtest_live", "message": "Timeout requete #448, reessai...", "module": "backtest_live", "function": "fetch_historical_ticks", "line": 68}
{"timestamp": "2026-08-05T05:07:40.044799+00:00", "level": "WARNING", "logger": "backtest_live", "message": "Tentative d'envoi alors que deconnecte", "module": "deriv_client", "function": "_send_request", "line": 194}
{"timestamp": "2026-08-05T05:07:40.044799+00:00", "level": "WARNING", "logger": "backtest_live", "message": "Timeout requete #449, reessai...", "module": "backtest_live", "function": "fetch_historical_ticks", "line": 68}
{"timestamp": "2026-08-05T05:07:41.049111+00:00", "level": "WARNING", "logger": "backtest_live", "message": "Tentative d'envoi alors que deconnecte", "module": "deriv_client", "function": "_send_request", "line": 194}
{"timestamp": "2026-08-05T05:07:41.049111+00:00", "level": "WARNING", "logger": "backtest_live", "message": "Timeout requete #450, reessai...", "module": "backtest_live", "function": "fetch_historical_ticks", "line": 68}
{"timestamp": "2026-08-05T05:07:42.064679+00:00", "level": "WARNING", "logger": "backtest_live", "message": "Tentative d'envoi alors que deconnecte", "module": "deriv_client", "function": "_send_request", "line": 194}
{"timestamp": "2026-08-05T05:07:42.064679+00:00", "level": "WARNING", "logger": "backtest_live", "message": "Timeout requete #451, reessai...", "module": "backtest_live", "function": "fetch_historical_ticks", "line": 68}
{"timestamp": "2026-08-05T05:07:43.065835+00:00", "level": "WARNING", "logger": "backtest_live", "message": "Tentative d'envoi alors que deconnecte", "module": "deriv_client", "function": "_send_request", "line": 194}
{"timestamp": "2026-08-05T05:07:43.069849+00:00", "level": "WARNING", "logger": "backtest_live", "message": "Timeout requete #452, reessai...", "module": "backtest_live", "function": "fetch_historical_ticks", "line": 68}
{"timestamp": "2026-08-05T05:07:44.071094+00:00", "level": "WARNING", "logger": "backtest_live", "message": "Tentative d'envoi alors que deconnecte", "module": "deriv_client", "function": "_send_request", "line": 194}
{"timestamp": "2026-08-05T05:07:44.071094+00:00", "level": "WARNING", "logger": "backtest_live", "message": "Timeout requete #453, reessai...", "module": "backtest_live", "function": "fetch_historical_ticks", "line": 68}
{"timestamp": "2026-08-05T05:07:45.086258+00:00", "level": "WARNING", "logger": "backtest_live", "message": "Tentative d'envoi alors que deconnecte", "module": "deriv_client", "function": "_send_request", "line": 194}
{"timestamp": "2026-08-05T05:07:45.089182+00:00", "level": "WARNING", "logger": "backtest_live", "message": "Timeout requete #454, reessai...", "module": "backtest_live", "function": "fetch_historical_ticks", "line": 68}
{"timestamp": "2026-08-05T05:07:46.106457+00:00", "level": "WARNING", "logger": "backtest_live", "message": "Tentative d'envoi alors que deconnecte", "module": "deriv_client", "function": "_send_request", "line": 194}
{"timestamp": "2026-08-05T05:07:46.110019+00:00", "level": "WARNING", "logger": "backtest_live", "message": "Timeout requete #455, reessai...", "module": "backtest_live", "function": "fetch_historical_ticks", "line": 68}
{"timestamp": "2026-08-05T05:07:47.111300+00:00", "level": "WARNING", "logger": "backtest_live", "message": "Tentative d'envoi alors que deconnecte", "module": "deriv_client", "function": "_send_request", "line": 194}
{"timestamp": "2026-08-05T05:07:47.111300+00:00", "level": "WARNING", "logger": "backtest_live", "message": "Timeout requete #456, reessai...", "module": "backtest_live", "function": "fetch_historical_ticks", "line": 68}
{"timestamp": "2026-08-05T05:07:48.111805+00:00", "level": "WARNING", "logger": "backtest_live", "message": "Tentative d'envoi alors que deconnecte", "module": "deriv_client", "function": "_send_request", "line": 194}
{"timestamp": "2026-08-05T05:07:48.111805+00:00", "level": "WARNING", "logger": "backtest_live", "message": "Timeout requete #457, reessai...", "module": "backtest_live", "function": "fetch_historical_ticks", "line": 68}
{"timestamp": "2026-08-05T05:07:49.114047+00:00", "level": "WARNING", "logger": "backtest_live", "message": "Tentative d'envoi alors que deconnecte", "module": "deriv_client", "function": "_send_request", "line": 194}
{"timestamp": "2026-08-05T05:07:49.114047+00:00", "level": "WARNING", "logger": "backtest_live", "message": "Timeout requete #458, reessai...", "module": "backtest_live", "function": "fetch_historical_ticks", "line": 68}
{"timestamp": "2026-08-05T05:07:50.126875+00:00", "level": "WARNING", "logger": "backtest_live", "message": "Tentative d'envoi alors que deconnecte", "module": "deriv_client", "function": "_send_request", "line": 194}
{"timestamp": "2026-08-05T05:07:50.126875+00:00", "level": "WARNING", "logger": "backtest_live", "message": "Timeout requete #459, reessai...", "module": "backtest_live", "function": "fetch_historical_ticks", "line": 68}
{"timestamp": "2026-08-05T05:07:51.131084+00:00", "level": "WARNING", "logger": "backtest_live", "message": "Tentative d'envoi alors que deconnecte", "module": "deriv_client", "function": "_send_request", "line": 194}
{"timestamp": "2026-08-05T05:07:51.131084+00:00", "level": "WARNING", "logger": "backtest_live", "message": "Timeout requete #460, reessai...", "module": "backtest_live", "function": "fetch_historical_ticks", "line": 68}
{"timestamp": "2026-08-05T05:07:52.146373+00:00", "level": "WARNING", "logger": "backtest_live", "message": "Tentative d'envoi alors que deconnecte", "module": "deriv_client", "function": "_send_request", "line": 194}
{"timestamp": "2026-08-05T05:07:52.146373+00:00", "level": "WARNING", "logger": "backtest_live", "message": "Timeout requete #461, reessai...", "module": "backtest_live", "function": "fetch_historical_ticks", "line": 68}
{"timestamp": "2026-08-05T05:07:53.146941+00:00", "level": "WARNING", "logger": "backtest_live", "message": "Tentative d'envoi alors que deconnecte", "module": "deriv_client", "function": "_send_request", "line": 194}
{"timestamp": "2026-08-05T05:07:53.146941+00:00", "level": "WARNING", "logger": "backtest_live", "message": "Timeout requete #462, reessai...", "module": "backtest_live", "function": "fetch_historical_ticks", "line": 68}
{"timestamp": "2026-08-05T05:07:54.152132+00:00", "level": "WARNING", "logger": "backtest_live", "message": "Tentative d'envoi alors que deconnecte", "module": "deriv_client", "function": "_send_request", "line": 194}
{"timestamp": "2026-08-05T05:07:54.152132+00:00", "level": "WARNING", "logger": "backtest_live", "message": "Timeout requete #463, reessai...", "module": "backtest_live", "function": "fetch_historical_ticks", "line": 68}
{"timestamp": "2026-08-05T05:07:55.152497+00:00", "level": "WARNING", "logger": "backtest_live", "message": "Tentative d'envoi alors que deconnecte", "module": "deriv_client", "function": "_send_request", "line": 194}
{"timestamp": "2026-08-05T05:07:55.152497+00:00", "level": "WARNING", "logger": "backtest_live", "message": "Timeout requete #464, reessai...", "module": "backtest_live", "function": "fetch_historical_ticks", "line": 68}
{"timestamp": "2026-08-05T05:07:56.168249+00:00", "level": "WARNING", "logger": "backtest_live", "message": "Tentative d'envoi alors que deconnecte", "module": "deriv_client", "function": "_send_request", "line": 194}
{"timestamp": "2026-08-05T05:07:56.173203+00:00", "level": "WARNING", "logger": "backtest_live", "message": "Timeout requete #465, reessai...", "module": "backtest_live", "function": "fetch_historical_ticks", "line": 68}
{"timestamp": "2026-08-05T05:07:57.187483+00:00", "level": "WARNING", "logger": "backtest_live", "message": "Tentative d'envoi alors que deconnecte", "module": "deriv_client", "function": "_send_request", "line": 194}
{"timestamp": "2026-08-05T05:07:57.187483+00:00", "level": "WARNING", "logger": "backtest_live", "message": "Timeout requete #466, reessai...", "module": "backtest_live", "function": "fetch_historical_ticks", "line": 68}
{"timestamp": "2026-08-05T05:07:58.192127+00:00", "level": "WARNING", "logger": "backtest_live", "message": "Tentative d'envoi alors que deconnecte", "module": "deriv_client", "function": "_send_request", "line": 194}
{"timestamp": "2026-08-05T05:07:58.192127+00:00", "level": "WARNING", "logger": "backtest_live", "message": "Timeout requete #467, reessai...", "module": "backtest_live", "function": "fetch_historical_ticks", "line": 68}
{"timestamp": "2026-08-05T05:07:59.194371+00:00", "level": "WARNING", "logger": "backtest_live", "message": "Tentative d'envoi alors que deconnecte", "module": "deriv_client", "function": "_send_request", "line": 194}
{"timestamp": "2026-08-05T05:07:59.194371+00:00", "level": "WARNING", "logger": "backtest_live", "message": "Timeout requete #468, reessai...", "module": "backtest_live", "function": "fetch_historical_ticks", "line": 68}
{"timestamp": "2026-08-05T05:08:00.207875+00:00", "level": "WARNING", "logger": "backtest_live", "message": "Tentative d'envoi alors que deconnecte", "module": "deriv_client", "function": "_send_request", "line": 194}
{"timestamp": "2026-08-05T05:08:00.207875+00:00", "level": "WARNING", "logger": "backtest_live", "message": "Timeout requete #469, reessai...", "module": "backtest_live", "function": "fetch_historical_ticks", "line": 68}
{"timestamp": "2026-08-05T05:08:01.208014+00:00", "level": "WARNING", "logger": "backtest_live", "message": "Tentative d'envoi alors que deconnecte", "module": "deriv_client", "function": "_send_request", "line": 194}
{"timestamp": "2026-08-05T05:08:01.208014+00:00", "level": "WARNING", "logger": "backtest_live", "message": "Timeout requete #470, reessai...", "module": "backtest_live", "function": "fetch_historical_ticks", "line": 68}
{"timestamp": "2026-08-05T05:08:02.215410+00:00", "level": "WARNING", "logger": "backtest_live", "message": "Tentative d'envoi alors que deconnecte", "module": "deriv_client", "function": "_send_request", "line": 194}
{"timestamp": "2026-08-05T05:08:02.215410+00:00", "level": "WARNING", "logger": "backtest_live", "message": "Timeout requete #471, reessai...", "module": "backtest_live", "function": "fetch_historical_ticks", "line": 68}
{"timestamp": "2026-08-05T05:08:03.230380+00:00", "level": "WARNING", "logger": "backtest_live", "message": "Tentative d'envoi alors que deconnecte", "module": "deriv_client", "function": "_send_request", "line": 194}
{"timestamp": "2026-08-05T05:08:03.235467+00:00", "level": "WARNING", "logger": "backtest_live", "message": "Timeout requete #472, reessai...", "module": "backtest_live", "function": "fetch_historical_ticks", "line": 68}
{"timestamp": "2026-08-05T05:08:04.249672+00:00", "level": "WARNING", "logger": "backtest_live", "message": "Tentative d'envoi alors que deconnecte", "module": "deriv_client", "function": "_send_request", "line": 194}
{"timestamp": "2026-08-05T05:08:04.249672+00:00", "level": "WARNING", "logger": "backtest_live", "message": "Timeout requete #473, reessai...", "module": "backtest_live", "function": "fetch_historical_ticks", "line": 68}
{"timestamp": "2026-08-05T05:08:05.253356+00:00", "level": "WARNING", "logger": "backtest_live", "message": "Tentative d'envoi alors que deconnecte", "module": "deriv_client", "function": "_send_request", "line": 194}
{"timestamp": "2026-08-05T05:08:05.253996+00:00", "level": "WARNING", "logger": "backtest_live", "message": "Timeout requete #474, reessai...", "module": "backtest_live", "function": "fetch_historical_ticks", "line": 68}
{"timestamp": "2026-08-05T05:08:06.269711+00:00", "level": "WARNING", "logger": "backtest_live", "message": "Tentative d'envoi alors que deconnecte", "module": "deriv_client", "function": "_send_request", "line": 194}
{"timestamp": "2026-08-05T05:08:06.269711+00:00", "level": "WARNING", "logger": "backtest_live", "message": "Timeout requete #475, reessai...", "module": "backtest_live", "function": "fetch_historical_ticks", "line": 68}
{"timestamp": "2026-08-05T05:08:07.270401+00:00", "level": "WARNING", "logger": "backtest_live", "message": "Tentative d'envoi alors que deconnecte", "module": "deriv_client", "function": "_send_request", "line": 194}
{"timestamp": "2026-08-05T05:08:07.270401+00:00", "level": "WARNING", "logger": "backtest_live", "message": "Timeout requete #476, reessai...", "module": "backtest_live", "function": "fetch_historical_ticks", "line": 68}
{"timestamp": "2026-08-05T05:08:08.274940+00:00", "level": "WARNING", "logger": "backtest_live", "message": "Tentative d'envoi alors que deconnecte", "module": "deriv_client", "function": "_send_request", "line": 194}
{"timestamp": "2026-08-05T05:08:08.274940+00:00", "level": "WARNING", "logger": "backtest_live", "message": "Timeout requete #477, reessai...", "module": "backtest_live", "function": "fetch_historical_ticks", "line": 68}
{"timestamp": "2026-08-05T05:08:09.290442+00:00", "level": "WARNING", "logger": "backtest_live", "message": "Tentative d'envoi alors que deconnecte", "module": "deriv_client", "function": "_send_request", "line": 194}
{"timestamp": "2026-08-05T05:08:09.290442+00:00", "level": "WARNING", "logger": "backtest_live", "message": "Timeout requete #478, reessai...", "module": "backtest_live", "function": "fetch_historical_ticks", "line": 68}
{"timestamp": "2026-08-05T05:08:10.291414+00:00", "level": "WARNING", "logger": "backtest_live", "message": "Tentative d'envoi alors que deconnecte", "module": "deriv_client", "function": "_send_request", "line": 194}
{"timestamp": "2026-08-05T05:08:10.291414+00:00", "level": "WARNING", "logger": "backtest_live", "message": "Timeout requete #479, reessai...", "module": "backtest_live", "function": "fetch_historical_ticks", "line": 68}
{"timestamp": "2026-08-05T05:08:11.294947+00:00", "level": "WARNING", "logger": "backtest_live", "message": "Tentative d'envoi alors que deconnecte", "module": "deriv_client", "function": "_send_request", "line": 194}
{"timestamp": "2026-08-05T05:08:11.294947+00:00", "level": "WARNING", "logger": "backtest_live", "message": "Timeout requete #480, reessai...", "module": "backtest_live", "function": "fetch_historical_ticks", "line": 68}
{"timestamp": "2026-08-05T05:08:12.297079+00:00", "level": "WARNING", "logger": "backtest_live", "message": "Tentative d'envoi alors que deconnecte", "module": "deriv_client", "function": "_send_request", "line": 194}
{"timestamp": "2026-08-05T05:08:12.297079+00:00", "level": "WARNING", "logger": "backtest_live", "message": "Timeout requete #481, reessai...", "module": "backtest_live", "function": "fetch_historical_ticks", "line": 68}
{"timestamp": "2026-08-05T05:08:13.310936+00:00", "level": "WARNING", "logger": "backtest_live", "message": "Tentative d'envoi alors que deconnecte", "module": "deriv_client", "function": "_send_request", "line": 194}
{"timestamp": "2026-08-05T05:08:13.310936+00:00", "level": "WARNING", "logger": "backtest_live", "message": "Timeout requete #482, reessai...", "module": "backtest_live", "function": "fetch_historical_ticks", "line": 68}
{"timestamp": "2026-08-05T05:08:14.315314+00:00", "level": "WARNING", "logger": "backtest_live", "message": "Tentative d'envoi alors que deconnecte", "module": "deriv_client", "function": "_send_request", "line": 194}
{"timestamp": "2026-08-05T05:08:14.315314+00:00", "level": "WARNING", "logger": "backtest_live", "message": "Timeout requete #483, reessai...", "module": "backtest_live", "function": "fetch_historical_ticks", "line": 68}
{"timestamp": "2026-08-05T05:08:15.316892+00:00", "level": "WARNING", "logger": "backtest_live", "message": "Tentative d'envoi alors que deconnecte", "module": "deriv_client", "function": "_send_request", "line": 194}
{"timestamp": "2026-08-05T05:08:15.316892+00:00", "level": "WARNING", "logger": "backtest_live", "message": "Timeout requete #484, reessai...", "module": "backtest_live", "function": "fetch_historical_ticks", "line": 68}
{"timestamp": "2026-08-05T05:08:16.332521+00:00", "level": "WARNING", "logger": "backtest_live", "message": "Tentative d'envoi alors que deconnecte", "module": "deriv_client", "function": "_send_request", "line": 194}
{"timestamp": "2026-08-05T05:08:16.332521+00:00", "level": "WARNING", "logger": "backtest_live", "message": "Timeout requete #485, reessai...", "module": "backtest_live", "function": "fetch_historical_ticks", "line": 68}
{"timestamp": "2026-08-05T05:08:17.335954+00:00", "level": "WARNING", "logger": "backtest_live", "message": "Tentative d'envoi alors que deconnecte", "module": "deriv_client", "function": "_send_request", "line": 194}
{"timestamp": "2026-08-05T05:08:17.335954+00:00", "level": "WARNING", "logger": "backtest_live", "message": "Timeout requete #486, reessai...", "module": "backtest_live", "function": "fetch_historical_ticks", "line": 68}
{"timestamp": "2026-08-05T05:08:18.337202+00:00", "level": "WARNING", "logger": "backtest_live", "message": "Tentative d'envoi alors que deconnecte", "module": "deriv_client", "function": "_send_request", "line": 194}
{"timestamp": "2026-08-05T05:08:18.337202+00:00", "level": "WARNING", "logger": "backtest_live", "message": "Timeout requete #487, reessai...", "module": "backtest_live", "function": "fetch_historical_ticks", "line": 68}
{"timestamp": "2026-08-05T05:08:19.340684+00:00", "level": "WARNING", "logger": "backtest_live", "message": "Tentative d'envoi alors que deconnecte", "module": "deriv_client", "function": "_send_request", "line": 194}
{"timestamp": "2026-08-05T05:08:19.340684+00:00", "level": "WARNING", "logger": "backtest_live", "message": "Timeout requete #488, reessai...", "module": "backtest_live", "function": "fetch_historical_ticks", "line": 68}
{"timestamp": "2026-08-05T05:08:20.351877+00:00", "level": "WARNING", "logger": "backtest_live", "message": "Tentative d'envoi alors que deconnecte", "module": "deriv_client", "function": "_send_request", "line": 194}
{"timestamp": "2026-08-05T05:08:20.351877+00:00", "level": "WARNING", "logger": "backtest_live", "message": "Timeout requete #489, reessai...", "module": "backtest_live", "function": "fetch_historical_ticks", "line": 68}
{"timestamp": "2026-08-05T05:08:21.353064+00:00", "level": "WARNING", "logger": "backtest_live", "message": "Tentative d'envoi alors que deconnecte", "module": "deriv_client", "function": "_send_request", "line": 194}
{"timestamp": "2026-08-05T05:08:21.353064+00:00", "level": "WARNING", "logger": "backtest_live", "message": "Timeout requete #490, reessai...", "module": "backtest_live", "function": "fetch_historical_ticks", "line": 68}
{"timestamp": "2026-08-05T05:08:22.359444+00:00", "level": "WARNING", "logger": "backtest_live", "message": "Tentative d'envoi alors que deconnecte", "module": "deriv_client", "function": "_send_request", "line": 194}
{"timestamp": "2026-08-05T05:08:22.359444+00:00", "level": "WARNING", "logger": "backtest_live", "message": "Timeout requete #491, reessai...", "module": "backtest_live", "function": "fetch_historical_ticks", "line": 68}
{"timestamp": "2026-08-05T05:08:23.372256+00:00", "level": "WARNING", "logger": "backtest_live", "message": "Tentative d'envoi alors que deconnecte", "module": "deriv_client", "function": "_send_request", "line": 194}
{"timestamp": "2026-08-05T05:08:23.372256+00:00", "level": "WARNING", "logger": "backtest_live", "message": "Timeout requete #492, reessai...", "module": "backtest_live", "function": "fetch_historical_ticks", "line": 68}
{"timestamp": "2026-08-05T05:08:24.373556+00:00", "level": "WARNING", "logger": "backtest_live", "message": "Tentative d'envoi alors que deconnecte", "module": "deriv_client", "function": "_send_request", "line": 194}
{"timestamp": "2026-08-05T05:08:24.373556+00:00", "level": "WARNING", "logger": "backtest_live", "message": "Timeout requete #493, reessai...", "module": "backtest_live", "function": "fetch_historical_ticks", "line": 68}
{"timestamp": "2026-08-05T05:08:25.377145+00:00", "level": "WARNING", "logger": "backtest_live", "message": "Tentative d'envoi alors que deconnecte", "module": "deriv_client", "function": "_send_request", "line": 194}
{"timestamp": "2026-08-05T05:08:25.377145+00:00", "level": "WARNING", "logger": "backtest_live", "message": "Timeout requete #494, reessai...", "module": "backtest_live", "function": "fetch_historical_ticks", "line": 68}
{"timestamp": "2026-08-05T05:08:26.392416+00:00", "level": "WARNING", "logger": "backtest_live", "message": "Tentative d'envoi alors que deconnecte", "module": "deriv_client", "function": "_send_request", "line": 194}
{"timestamp": "2026-08-05T05:08:26.392416+00:00", "level": "WARNING", "logger": "backtest_live", "message": "Timeout requete #495, reessai...", "module": "backtest_live", "function": "fetch_historical_ticks", "line": 68}
{"timestamp": "2026-08-05T05:08:27.394309+00:00", "level": "WARNING", "logger": "backtest_live", "message": "Tentative d'envoi alors que deconnecte", "module": "deriv_client", "function": "_send_request", "line": 194}
{"timestamp": "2026-08-05T05:08:27.394309+00:00", "level": "WARNING", "logger": "backtest_live", "message": "Timeout requete #496, reessai...", "module": "backtest_live", "function": "fetch_historical_ticks", "line": 68}
{"timestamp": "2026-08-05T05:08:28.397622+00:00", "level": "WARNING", "logger": "backtest_live", "message": "Tentative d'envoi alors que deconnecte", "module": "deriv_client", "function": "_send_request", "line": 194}
{"timestamp": "2026-08-05T05:08:28.397622+00:00", "level": "WARNING", "logger": "backtest_live", "message": "Timeout requete #497, reessai...", "module": "backtest_live", "function": "fetch_historical_ticks", "line": 68}
{"timestamp": "2026-08-05T05:08:29.398746+00:00", "level": "WARNING", "logger": "backtest_live", "message": "Tentative d'envoi alors que deconnecte", "module": "deriv_client", "function": "_send_request", "line": 194}
{"timestamp": "2026-08-05T05:08:29.398746+00:00", "level": "WARNING", "logger": "backtest_live", "message": "Timeout requete #498, reessai...", "module": "backtest_live", "function": "fetch_historical_ticks", "line": 68}
{"timestamp": "2026-08-05T05:08:30.413705+00:00", "level": "WARNING", "logger": "backtest_live", "message": "Tentative d'envoi alors que deconnecte", "module": "deriv_client", "function": "_send_request", "line": 194}
{"timestamp": "2026-08-05T05:08:30.413705+00:00", "level": "WARNING", "logger": "backtest_live", "message": "Timeout requete #499, reessai...", "module": "backtest_live", "function": "fetch_historical_ticks", "line": 68}
{"timestamp": "2026-08-05T05:08:31.420311+00:00", "level": "WARNING", "logger": "backtest_live", "message": "Tentative d'envoi alors que deconnecte", "module": "deriv_client", "function": "_send_request", "line": 194}
{"timestamp": "2026-08-05T05:08:31.420311+00:00", "level": "WARNING", "logger": "backtest_live", "message": "Timeout requete #500, reessai...", "module": "backtest_live", "function": "fetch_historical_ticks", "line": 68}
{"timestamp": "2026-08-05T05:08:32.482276+00:00", "level": "INFO", "logger": "backtest_live", "message": "Historique recupere: 418000 ticks au total", "module": "backtest_live", "function": "fetch_historical_ticks", "line": 109}
{"timestamp": "2026-08-05T05:08:32.792363+00:00", "level": "WARNING", "logger": "backtest_live", "message": "TA-Lib non installé — utilisation des calculs NumPy purs (moins rapide)", "module": "indicators", "function": "__init__", "line": 35}
{"timestamp": "2026-08-05T05:09:30.634709+00:00", "level": "INFO", "logger": "backtest_live", "message": "Backtest termine | Trades=42 | WinRate=16.7% | Return=-3.91% | MaxDD=30.49% | Sharpe=-0.00 | ProfitFactor=0.94", "module": "backtester", "function": "run", "line": 256}
{"timestamp": "2026-08-05T07:40:21.166961+00:00", "level": "INFO", "logger": "backtest_multi", "message": "WebSocket public connecte (tentative 1)", "module": "deriv_client", "function": "connect", "line": 86}
{"timestamp": "2026-08-05T07:40:21.258412+00:00", "level": "WARNING", "logger": "backtest_multi", "message": "TA-Lib non installé — utilisation des calculs NumPy purs (moins rapide)", "module": "indicators", "function": "__init__", "line": 35}
{"timestamp": "2026-08-05T09:03:22.484549+00:00", "level": "INFO", "logger": "backtest", "message": "=== BACKTESTING ===", "module": "main", "function": "cmd_backtest", "line": 168}
{"timestamp": "2026-08-05T09:03:22.484549+00:00", "level": "WARNING", "logger": "backtest", "message": "TA-Lib non installé — utilisation des calculs NumPy purs (moins rapide)", "module": "indicators", "function": "__init__", "line": 35}
{"timestamp": "2026-08-05T09:03:22.484549+00:00", "level": "INFO", "logger": "backtest", "message": "Generation de donnees synthetiques (5000 bougies M1)...", "module": "main", "function": "cmd_backtest", "line": 171}
{"timestamp": "2026-08-05T09:03:22.673007+00:00", "level": "INFO", "logger": "backtest", "message": "Donnees generees: 5000 bougies", "module": "main", "function": "cmd_backtest", "line": 173}
{"timestamp": "2026-08-05T09:04:06.199230+00:00", "level": "INFO", "logger": "backtest", "message": "Backtest termine | Trades=50 | WinRate=0.0% | Return=-63.58% | MaxDD=63.58% | Sharpe=-369834504564227840.00 | ProfitFactor=0.00", "module": "backtester", "function": "run", "line": 256}
{"timestamp": "2026-08-05T12:43:49.358757+00:00", "level": "INFO", "logger": "backtest", "message": "=== BACKTESTING ===", "module": "main", "function": "cmd_backtest", "line": 168}
{"timestamp": "2026-08-05T12:43:49.358757+00:00", "level": "WARNING", "logger": "backtest", "message": "TA-Lib non installé — utilisation des calculs NumPy purs (moins rapide)", "module": "indicators", "function": "__init__", "line": 35}
{"timestamp": "2026-08-05T12:43:49.358757+00:00", "level": "INFO", "logger": "backtest", "message": "Generation de donnees synthetiques (5000 bougies M1)...", "module": "main", "function": "cmd_backtest", "line": 171}
{"timestamp": "2026-08-05T12:43:49.899131+00:00", "level": "INFO", "logger": "backtest", "message": "Donnees generees: 5000 bougies", "module": "main", "function": "cmd_backtest", "line": 173}
{"timestamp": "2026-08-05T12:44:55.767297+00:00", "level": "INFO", "logger": "backtest", "message": "Backtest termine | Trades=0 | WinRate=0.0% | Return=0.00% | MaxDD=0.00% | Sharpe=0.00 | ProfitFactor=0.00", "module": "backtester", "function": "run", "line": 269}
{"timestamp": "2026-08-05T12:46:06.592647+00:00", "level": "INFO", "logger": "backtest", "message": "=== BACKTESTING ===", "module": "main", "function": "cmd_backtest", "line": 168}
{"timestamp": "2026-08-05T12:46:06.592647+00:00", "level": "WARNING", "logger": "backtest", "message": "TA-Lib non installé — utilisation des calculs NumPy purs (moins rapide)", "module": "indicators", "function": "__init__", "line": 35}
{"timestamp": "2026-08-05T12:46:06.592647+00:00", "level": "INFO", "logger": "backtest", "message": "Generation de donnees synthetiques (5000 bougies M1)...", "module": "main", "function": "cmd_backtest", "line": 171}
{"timestamp": "2026-08-05T12:46:06.799947+00:00", "level": "INFO", "logger": "backtest", "message": "Donnees generees: 5000 bougies", "module": "main", "function": "cmd_backtest", "line": 173}
{"timestamp": "2026-08-05T12:47:10.309528+00:00", "level": "INFO", "logger": "backtest", "message": "Backtest termine | Trades=5 | WinRate=20.0% | Return=1.46% | MaxDD=5.88% | Sharpe=1.18 | ProfitFactor=1.18", "module": "backtester", "function": "run", "line": 269}
{"timestamp": "2026-08-05T13:15:02.006317+00:00", "level": "WARNING", "logger": "paper_phase2", "message": "TA-Lib non installé — utilisation des calculs NumPy purs (moins rapide)", "module": "indicators", "function": "__init__", "line": 35}
{"timestamp": "2026-08-05T13:27:10.008535+00:00", "level": "INFO", "logger": "backtest", "message": "=== BACKTESTING ===", "module": "main", "function": "cmd_backtest", "line": 169}
{"timestamp": "2026-08-05T13:27:10.008535+00:00", "level": "WARNING", "logger": "backtest", "message": "TA-Lib non installé — utilisation des calculs NumPy purs (moins rapide)", "module": "indicators", "function": "__init__", "line": 35}
{"timestamp": "2026-08-05T13:27:10.009534+00:00", "level": "INFO", "logger": "backtest", "message": "Generation de donnees synthetiques (5000 bougies M1)...", "module": "main", "function": "cmd_backtest", "line": 172}
{"timestamp": "2026-08-05T13:27:10.420950+00:00", "level": "INFO", "logger": "backtest", "message": "Donnees generees: 5000 bougies", "module": "main", "function": "cmd_backtest", "line": 174}
{"timestamp": "2026-08-05T13:28:10.439664+00:00", "level": "INFO", "logger": "backtest", "message": "Backtest termine | Trades=5 | WinRate=20.0% | Return=1.46% | MaxDD=5.88% | Sharpe=1.18 | ProfitFactor=1.18", "module": "backtester", "function": "run", "line": 269}
{"timestamp": "2026-08-05T13:33:53.793409+00:00", "level": "WARNING", "logger": "paper_phase2", "message": "TA-Lib non installé — utilisation des calculs NumPy purs (moins rapide)", "module": "indicators", "function": "__init__", "line": 35}
{"timestamp": "2026-08-05T13:40:13.223893+00:00", "level": "WARNING", "logger": "paper_phase2", "message": "TA-Lib non installé — utilisation des calculs NumPy purs (moins rapide)", "module": "indicators", "function": "__init__", "line": 35}
{"timestamp": "2026-08-05T13:40:48.810306+00:00", "level": "INFO", "logger": "historical_smoke", "message": "WebSocket public connecte (tentative 1)", "module": "deriv_client", "function": "connect", "line": 86}
{"timestamp": "2026-08-05T13:41:56.425437+00:00", "level": "WARNING", "logger": "paper_phase2", "message": "TA-Lib non installé — utilisation des calculs NumPy purs (moins rapide)", "module": "indicators", "function": "__init__", "line": 35}
{"timestamp": "2026-08-05T13:43:07.688261+00:00", "level": "WARNING", "logger": "paper_phase2", "message": "TA-Lib non installé — utilisation des calculs NumPy purs (moins rapide)", "module": "indicators", "function": "__init__", "line": 35}
{"timestamp": "2026-08-05T13:46:33.253889+00:00", "level": "INFO", "logger": "backtest_live", "message": "WebSocket public connecte (tentative 1)", "module": "deriv_client", "function": "connect", "line": 86}
{"timestamp": "2026-08-05T13:46:34.594707+00:00", "level": "INFO", "logger": "backtest_live", "message": "Historique R_75: 1000/1578240 bougies (densite 0.06%, debut courant 2026-08-04T21:04:00+00:00)", "module": "historical_data", "function": "fetch_historical_candles", "line": 411}
{"timestamp": "2026-08-05T13:47:09.978851+00:00", "level": "INFO", "logger": "backtest_live", "message": "Historique R_75: 25000/1578240 bougies (densite 1.58%, debut courant 2026-07-19T05:03:00+00:00)", "module": "historical_data", "function": "fetch_historical_candles", "line": 411}
{"timestamp": "2026-08-05T13:47:43.910052+00:00", "level": "INFO", "logger": "backtest_live", "message": "Historique R_75: 50000/1578240 bougies (densite 3.17%, debut courant 2026-07-01T20:23:00+00:00)", "module": "historical_data", "function": "fetch_historical_candles", "line": 411}
{"timestamp": "2026-08-05T13:48:28.659278+00:00", "level": "INFO", "logger": "backtest_live", "message": "Historique R_75: 75000/1578240 bougies (densite 4.75%, debut courant 2026-06-14T11:43:00+00:00)", "module": "historical_data", "function": "fetch_historical_candles", "line": 411}
{"timestamp": "2026-08-05T13:49:01.824543+00:00", "level": "INFO", "logger": "backtest_live", "message": "Historique R_75: 100000/1578240 bougies (densite 6.34%, debut courant 2026-05-28T03:03:00+00:00)", "module": "historical_data", "function": "fetch_historical_candles", "line": 411}
{"timestamp": "2026-08-05T13:49:35.362628+00:00", "level": "INFO", "logger": "backtest_live", "message": "Historique R_75: 125000/1578240 bougies (densite 7.92%, debut courant 2026-05-10T18:23:00+00:00)", "module": "historical_data", "function": "fetch_historical_candles", "line": 411}
{"timestamp": "2026-08-05T13:50:05.708631+00:00", "level": "INFO", "logger": "backtest_live", "message": "Historique R_75: 150000/1578240 bougies (densite 9.50%, debut courant 2026-04-23T09:43:00+00:00)", "module": "historical_data", "function": "fetch_historical_candles", "line": 411}
{"timestamp": "2026-08-05T13:50:38.683746+00:00", "level": "INFO", "logger": "backtest_live", "message": "Historique R_75: 175000/1578240 bougies (densite 11.09%, debut courant 2026-04-06T01:03:00+00:00)", "module": "historical_data", "function": "fetch_historical_candles", "line": 411}
{"timestamp": "2026-08-05T13:51:13.774196+00:00", "level": "INFO", "logger": "backtest_live", "message": "Historique R_75: 200000/1578240 bougies (densite 12.67%, debut courant 2026-03-19T16:23:00+00:00)", "module": "historical_data", "function": "fetch_historical_candles", "line": 411}
{"timestamp": "2026-08-05T13:51:49.910840+00:00", "level": "INFO", "logger": "backtest_live", "message": "Historique R_75: 225000/1578240 bougies (densite 14.26%, debut courant 2026-03-02T07:43:00+00:00)", "module": "historical_data", "function": "fetch_historical_candles", "line": 411}
{"timestamp": "2026-08-05T13:52:26.384548+00:00", "level": "INFO", "logger": "backtest_live", "message": "Historique R_75: 250000/1578240 bougies (densite 15.84%, debut courant 2026-02-12T23:03:00+00:00)", "module": "historical_data", "function": "fetch_historical_candles", "line": 411}
{"timestamp": "2026-08-05T13:53:35.863027+00:00", "level": "INFO", "logger": "backtest_live", "message": "Historique R_75: 275000/1578240 bougies (densite 17.42%, debut courant 2026-01-26T14:23:00+00:00)", "module": "historical_data", "function": "fetch_historical_candles", "line": 411}
{"timestamp": "2026-08-05T13:54:32.834619+00:00", "level": "INFO", "logger": "backtest_live", "message": "Historique R_75: 300000/1578240 bougies (densite 19.01%, debut courant 2026-01-09T05:43:00+00:00)", "module": "historical_data", "function": "fetch_historical_candles", "line": 411}
{"timestamp": "2026-08-05T13:55:06.423748+00:00", "level": "INFO", "logger": "backtest_live", "message": "Historique R_75: 325000/1578240 bougies (densite 20.59%, debut courant 2025-12-22T21:03:00+00:00)", "module": "historical_data", "function": "fetch_historical_candles", "line": 411}
{"timestamp": "2026-08-05T13:55:40.732791+00:00", "level": "INFO", "logger": "backtest_live", "message": "Historique R_75: 350000/1578240 bougies (densite 22.18%, debut courant 2025-12-05T12:23:00+00:00)", "module": "historical_data", "function": "fetch_historical_candles", "line": 411}
{"timestamp": "2026-08-05T13:56:15.842701+00:00", "level": "INFO", "logger": "backtest_live", "message": "Historique R_75: 375000/1578240 bougies (densite 23.76%, debut courant 2025-11-18T03:43:00+00:00)", "module": "historical_data", "function": "fetch_historical_candles", "line": 411}
{"timestamp": "2026-08-05T13:56:47.226643+00:00", "level": "INFO", "logger": "backtest_live", "message": "Historique R_75: 400000/1578240 bougies (densite 25.34%, debut courant 2025-10-31T19:03:00+00:00)", "module": "historical_data", "function": "fetch_historical_candles", "line": 411}
{"timestamp": "2026-08-05T13:57:20.014327+00:00", "level": "INFO", "logger": "backtest_live", "message": "Historique R_75: 425000/1578240 bougies (densite 26.93%, debut courant 2025-10-14T10:23:00+00:00)", "module": "historical_data", "function": "fetch_historical_candles", "line": 411}
{"timestamp": "2026-08-05T13:57:51.329492+00:00", "level": "INFO", "logger": "backtest_live", "message": "Historique R_75: 450000/1578240 bougies (densite 28.51%, debut courant 2025-09-27T01:43:00+00:00)", "module": "historical_data", "function": "fetch_historical_candles", "line": 411}
{"timestamp": "2026-08-05T13:58:40.059955+00:00", "level": "INFO", "logger": "backtest_live", "message": "Historique R_75: 474981/1578240 bougies (densite 30.10%, debut courant 2025-09-09T17:02:00+00:00)", "module": "historical_data", "function": "fetch_historical_candles", "line": 411}
{"timestamp": "2026-08-05T13:59:12.744190+00:00", "level": "INFO", "logger": "backtest_live", "message": "Historique R_75: 499981/1578240 bougies (densite 31.68%, debut courant 2025-08-23T08:22:00+00:00)", "module": "historical_data", "function": "fetch_historical_candles", "line": 411}
{"timestamp": "2026-08-05T13:59:42.225489+00:00", "level": "INFO", "logger": "backtest_live", "message": "Historique R_75: 524981/1578240 bougies (densite 33.26%, debut courant 2025-08-05T23:42:00+00:00)", "module": "historical_data", "function": "fetch_historical_candles", "line": 411}
{"timestamp": "2026-08-05T13:59:44.594835+00:00", "level": "WARNING", "logger": "backtest_live", "message": "Pagination historique bloquee a epoch=1754402202", "module": "historical_data", "function": "fetch_historical_candles", "line": 400}
{"timestamp": "2026-08-05T13:59:44.891400+00:00", "level": "INFO", "logger": "backtest_live", "message": "Historique recupere: 525568 bougies M1 pour R_75", "module": "historical_data", "function": "fetch_historical_candles", "line": 424}
{"timestamp": "2026-08-05T14:08:51.297255+00:00", "level": "WARNING", "logger": "backtest_live", "message": "TA-Lib non installé — utilisation des calculs NumPy purs (moins rapide)", "module": "indicators", "function": "__init__", "line": 35}
{"timestamp": "2026-08-05T14:16:34.930386+00:00", "level": "INFO", "logger": "backtest_live", "message": "WebSocket public connecte (tentative 1)", "module": "deriv_client", "function": "connect", "line": 86}
{"timestamp": "2026-08-05T14:16:35.938308+00:00", "level": "INFO", "logger": "backtest_live", "message": "Historique R_10: 1000/525600 bougies (densite 0.19%, debut courant 2026-08-04T21:34:00+00:00)", "module": "historical_data", "function": "fetch_historical_candles", "line": 411}
{"timestamp": "2026-08-05T14:17:06.545609+00:00", "level": "INFO", "logger": "backtest_live", "message": "Historique R_10: 25000/525600 bougies (densite 4.76%, debut courant 2026-07-19T05:33:00+00:00)", "module": "historical_data", "function": "fetch_historical_candles", "line": 411}
{"timestamp": "2026-08-05T14:18:07.292121+00:00", "level": "WARNING", "logger": "backtest_live", "message": "Timeout requete [req_id=40]", "module": "deriv_client", "function": "_send_request", "line": 209}
{"timestamp": "2026-08-05T14:18:07.293122+00:00", "level": "WARNING", "logger": "backtest_live", "message": "Timeout historique Deriv, nouvel essai...", "module": "historical_data", "function": "fetch_historical_candles", "line": 362}
{"timestamp": "2026-08-05T14:18:22.311942+00:00", "level": "INFO", "logger": "backtest_live", "message": "Connexion fermee par le serveur: sent 1011 (unexpected error) keepalive ping timeout; no close frame received", "module": "deriv_client", "function": "_read_loop", "line": 271}
{"timestamp": "2026-08-05T14:18:38.297146+00:00", "level": "WARNING", "logger": "backtest_live", "message": "Timeout requete [req_id=41]", "module": "deriv_client", "function": "_send_request", "line": 209}
{"timestamp": "2026-08-05T14:18:38.298147+00:00", "level": "WARNING", "logger": "backtest_live", "message": "Timeout historique Deriv, nouvel essai...", "module": "historical_data", "function": "fetch_historical_candles", "line": 362}
{"timestamp": "2026-08-05T14:18:39.311379+00:00", "level": "WARNING", "logger": "backtest_live", "message": "Tentative d'envoi alors que deconnecte", "module": "deriv_client", "function": "_send_request", "line": 194}
{"timestamp": "2026-08-05T14:18:39.312383+00:00", "level": "WARNING", "logger": "backtest_live", "message": "Timeout historique Deriv, nouvel essai...", "module": "historical_data", "function": "fetch_historical_candles", "line": 362}
{"timestamp": "2026-08-05T14:18:40.324113+00:00", "level": "WARNING", "logger": "backtest_live", "message": "Tentative d'envoi alors que deconnecte", "module": "deriv_client", "function": "_send_request", "line": 194}
{"timestamp": "2026-08-05T14:18:42.893018+00:00", "level": "INFO", "logger": "backtest_live", "message": "WebSocket public connecte (tentative 1)", "module": "deriv_client", "function": "connect", "line": 86}
{"timestamp": "2026-08-05T14:18:44.352075+00:00", "level": "INFO", "logger": "backtest_live", "message": "Historique R_25: 1000/525600 bougies (densite 0.19%, debut courant 2026-08-04T21:36:00+00:00)", "module": "historical_data", "function": "fetch_historical_candles", "line": 411}
{"timestamp": "2026-08-05T14:19:13.088033+00:00", "level": "INFO", "logger": "backtest_live", "message": "Historique R_25: 25000/525600 bougies (densite 4.76%, debut courant 2026-07-19T05:35:00+00:00)", "module": "historical_data", "function": "fetch_historical_candles", "line": 411}
{"timestamp": "2026-08-05T14:19:46.607489+00:00", "level": "INFO", "logger": "backtest_live", "message": "Historique R_25: 50000/525600 bougies (densite 9.51%, debut courant 2026-07-01T20:55:00+00:00)", "module": "historical_data", "function": "fetch_historical_candles", "line": 411}
{"timestamp": "2026-08-05T14:20:26.692444+00:00", "level": "INFO", "logger": "backtest_live", "message": "Historique R_25: 75000/525600 bougies (densite 14.27%, debut courant 2026-06-14T12:15:00+00:00)", "module": "historical_data", "function": "fetch_historical_candles", "line": 411}
{"timestamp": "2026-08-05T14:20:58.436270+00:00", "level": "INFO", "logger": "backtest_live", "message": "Historique R_25: 100000/525600 bougies (densite 19.03%, debut courant 2026-05-28T03:35:00+00:00)", "module": "historical_data", "function": "fetch_historical_candles", "line": 411}
{"timestamp": "2026-08-05T14:21:33.241264+00:00", "level": "INFO", "logger": "backtest_live", "message": "Historique R_25: 125000/525600 bougies (densite 23.78%, debut courant 2026-05-10T18:55:00+00:00)", "module": "historical_data", "function": "fetch_historical_candles", "line": 411}
{"timestamp": "2026-08-05T14:22:06.186308+00:00", "level": "INFO", "logger": "backtest_live", "message": "Historique R_25: 150000/525600 bougies (densite 28.54%, debut courant 2026-04-23T10:15:00+00:00)", "module": "historical_data", "function": "fetch_historical_candles", "line": 411}
{"timestamp": "2026-08-05T14:22:46.162790+00:00", "level": "INFO", "logger": "backtest_live", "message": "Connexion fermee par le serveur: no close frame received or sent", "module": "deriv_client", "function": "_read_loop", "line": 271}
{"timestamp": "2026-08-05T14:22:49.252363+00:00", "level": "WARNING", "logger": "backtest_live", "message": "Timeout requete [req_id=157]", "module": "deriv_client", "function": "_send_request", "line": 209}
{"timestamp": "2026-08-05T14:22:49.253847+00:00", "level": "WARNING", "logger": "backtest_live", "message": "Timeout historique Deriv, nouvel essai...", "module": "historical_data", "function": "fetch_historical_candles", "line": 362}
{"timestamp": "2026-08-05T14:22:50.255704+00:00", "level": "WARNING", "logger": "backtest_live", "message": "Tentative d'envoi alors que deconnecte", "module": "deriv_client", "function": "_send_request", "line": 194}
{"timestamp": "2026-08-05T14:22:50.256698+00:00", "level": "WARNING", "logger": "backtest_live", "message": "Timeout historique Deriv, nouvel essai...", "module": "historical_data", "function": "fetch_historical_candles", "line": 362}
{"timestamp": "2026-08-05T14:22:51.266444+00:00", "level": "WARNING", "logger": "backtest_live", "message": "Tentative d'envoi alors que deconnecte", "module": "deriv_client", "function": "_send_request", "line": 194}
{"timestamp": "2026-08-05T14:22:51.271440+00:00", "level": "WARNING", "logger": "backtest_live", "message": "Timeout historique Deriv, nouvel essai...", "module": "historical_data", "function": "fetch_historical_candles", "line": 362}
{"timestamp": "2026-08-05T14:22:52.284978+00:00", "level": "WARNING", "logger": "backtest_live", "message": "Tentative d'envoi alors que deconnecte", "module": "deriv_client", "function": "_send_request", "line": 194}
{"timestamp": "2026-08-05T14:22:54.651423+00:00", "level": "INFO", "logger": "backtest_live", "message": "WebSocket public connecte (tentative 1)", "module": "deriv_client", "function": "connect", "line": 86}
{"timestamp": "2026-08-05T14:22:56.310560+00:00", "level": "INFO", "logger": "backtest_live", "message": "Historique R_50: 1000/525600 bougies (densite 0.19%, debut courant 2026-08-04T21:40:00+00:00)", "module": "historical_data", "function": "fetch_historical_candles", "line": 411}
{"timestamp": "2026-08-05T14:23:25.016770+00:00", "level": "INFO", "logger": "backtest_live", "message": "Historique R_50: 25000/525600 bougies (densite 4.76%, debut courant 2026-07-19T05:39:00+00:00)", "module": "historical_data", "function": "fetch_historical_candles", "line": 411}
{"timestamp": "2026-08-05T14:23:57.524366+00:00", "level": "INFO", "logger": "backtest_live", "message": "Historique R_50: 50000/525600 bougies (densite 9.51%, debut courant 2026-07-01T20:59:00+00:00)", "module": "historical_data", "function": "fetch_historical_candles", "line": 411}
{"timestamp": "2026-08-05T14:24:40.147900+00:00", "level": "INFO", "logger": "backtest_live", "message": "Connexion fermee par le serveur: no close frame received or sent", "module": "deriv_client", "function": "_read_loop", "line": 271}
{"timestamp": "2026-08-05T14:25:08.060456+00:00", "level": "WARNING", "logger": "backtest_live", "message": "Timeout requete [req_id=75]", "module": "deriv_client", "function": "_send_request", "line": 209}
{"timestamp": "2026-08-05T14:25:08.061451+00:00", "level": "WARNING", "logger": "backtest_live", "message": "Timeout historique Deriv, nouvel essai...", "module": "historical_data", "function": "fetch_historical_candles", "line": 362}
{"timestamp": "2026-08-05T14:25:09.068924+00:00", "level": "WARNING", "logger": "backtest_live", "message": "Tentative d'envoi alors que deconnecte", "module": "deriv_client", "function": "_send_request", "line": 194}
{"timestamp": "2026-08-05T14:25:09.069913+00:00", "level": "WARNING", "logger": "backtest_live", "message": "Timeout historique Deriv, nouvel essai...", "module": "historical_data", "function": "fetch_historical_candles", "line": 362}
{"timestamp": "2026-08-05T14:25:10.079394+00:00", "level": "WARNING", "logger": "backtest_live", "message": "Tentative d'envoi alors que deconnecte", "module": "deriv_client", "function": "_send_request", "line": 194}
{"timestamp": "2026-08-05T14:25:10.080208+00:00", "level": "WARNING", "logger": "backtest_live", "message": "Timeout historique Deriv, nouvel essai...", "module": "historical_data", "function": "fetch_historical_candles", "line": 362}
{"timestamp": "2026-08-05T14:25:11.090587+00:00", "level": "WARNING", "logger": "backtest_live", "message": "Tentative d'envoi alors que deconnecte", "module": "deriv_client", "function": "_send_request", "line": 194}
{"timestamp": "2026-08-05T14:25:16.384311+00:00", "level": "WARNING", "logger": "backtest_live", "message": "TA-Lib non installé — utilisation des calculs NumPy purs (moins rapide)", "module": "indicators", "function": "__init__", "line": 35}
{"timestamp": "2026-08-05T14:31:45.644778+00:00", "level": "WARNING", "logger": "paper_phase2", "message": "TA-Lib non installé — utilisation des calculs NumPy purs (moins rapide)", "module": "indicators", "function": "__init__", "line": 35}
{"timestamp": "2026-08-05T14:36:37.866182+00:00", "level": "WARNING", "logger": "paper_phase2", "message": "TA-Lib non installé — utilisation des calculs NumPy purs (moins rapide)", "module": "indicators", "function": "__init__", "line": 35}
{"timestamp": "2026-08-05T14:54:16.114147+00:00", "level": "WARNING", "logger": "paper_phase2", "message": "TA-Lib non installé — utilisation des calculs NumPy purs (moins rapide)", "module": "indicators", "function": "__init__", "line": 35}
{"timestamp": "2026-08-11T15:32:13.294455+00:00", "level": "WARNING", "logger": "paper_phase2", "message": "TA-Lib non installé — utilisation des calculs NumPy purs (moins rapide)", "module": "indicators", "function": "__init__", "line": 35}
{"timestamp": "2026-08-11T15:51:55.771541+00:00", "level": "INFO", "logger": "test_otp", "message": "WebSocket public connecte (tentative 1)", "module": "deriv_client", "function": "connect", "line": 96}
{"timestamp": "2026-08-11T15:51:57.169543+00:00", "level": "INFO", "logger": "test_otp", "message": "Etape 1/2: Requete OTP pour le compte 41207424...", "module": "deriv_client", "function": "connect_trading", "line": 207}
{"timestamp": "2026-08-11T15:51:58.857095+00:00", "level": "ERROR", "logger": "test_otp", "message": "OTP HTTP error 401: Unauthorized", "module": "deriv_client", "function": "_request_otp_sync", "line": 174}
{"timestamp": "2026-08-11T15:51:58.857095+00:00", "level": "ERROR", "logger": "test_otp", "message": "Echec de la requete OTP — verifiez le token et l'account_id", "module": "deriv_client", "function": "connect_trading", "line": 214}
{"timestamp": "2026-08-11T16:59:55.082955+00:00", "level": "INFO", "logger": "test_otp", "message": "WebSocket public connecte (tentative 1)", "module": "deriv_client", "function": "connect", "line": 96}
{"timestamp": "2026-08-11T16:59:55.989591+00:00", "level": "INFO", "logger": "test_otp", "message": "Etape 1/2: Requete OTP pour le compte 41207424...", "module": "deriv_client", "function": "connect_trading", "line": 207}
{"timestamp": "2026-08-11T16:59:56.811954+00:00", "level": "ERROR", "logger": "test_otp", "message": "OTP HTTP error 401: Unauthorized", "module": "deriv_client", "function": "_request_otp_sync", "line": 174}
{"timestamp": "2026-08-11T16:59:56.813472+00:00", "level": "ERROR", "logger": "test_otp", "message": "Echec de la requete OTP — verifiez le token et l'account_id", "module": "deriv_client", "function": "connect_trading", "line": 214}
{"timestamp": "2026-08-11T17:02:10.376722+00:00", "level": "INFO", "logger": "test_otp", "message": "WebSocket public connecte (tentative 1)", "module": "deriv_client", "function": "connect", "line": 96}
{"timestamp": "2026-08-11T17:02:12.126323+00:00", "level": "INFO", "logger": "test_otp", "message": "Etape 1/2: Requete OTP pour le compte 41207424...", "module": "deriv_client", "function": "connect_trading", "line": 207}
{"timestamp": "2026-08-11T17:02:12.915880+00:00", "level": "ERROR", "logger": "test_otp", "message": "OTP HTTP error 401: Unauthorized", "module": "deriv_client", "function": "_request_otp_sync", "line": 174}
{"timestamp": "2026-08-11T17:02:12.918879+00:00", "level": "ERROR", "logger": "test_otp", "message": "Echec de la requete OTP — verifiez le token et l'account_id", "module": "deriv_client", "function": "connect_trading", "line": 214}
{"timestamp": "2026-08-11T17:03:31.428174+00:00", "level": "INFO", "logger": "find_account", "message": "WebSocket public connecte (tentative 1)", "module": "deriv_client", "function": "connect", "line": 96}
{"timestamp": "2026-08-11T17:03:32.063295+00:00", "level": "WARNING", "logger": "find_account", "message": "Erreur API: InvalidToken - Your token has expired or is invalid.", "module": "deriv_client", "function": "_read_loop", "line": 406}
{"timestamp": "2026-08-11T17:03:32.405206+00:00", "level": "WARNING", "logger": "find_account", "message": "Erreur API: UnrecognisedRequest - Unrecognised request", "module": "deriv_client", "function": "_read_loop", "line": 406}
{"timestamp": "2026-08-11T17:03:32.907901+00:00", "level": "WARNING", "logger": "find_account", "message": "Erreur API: UnrecognisedRequest - Unrecognised request", "module": "deriv_client", "function": "_read_loop", "line": 406}
{"timestamp": "2026-08-13T10:16:50.377240+00:00", "level": "INFO", "logger": "test_otp", "message": "Liste des comptes: {\"data\": [{\"account_id\": \"ROT91701825\", \"balance\": \"0.00\", \"currency\": \"USD\", \"group\": \"row\", \"status\": \"active\", \"account_type\": \"real\"}, {\"account_id\": \"DOT92983989\", \"balance\": \"9987.41\", \"currency\": \"USD\", \"group\": \"row\", \"status\": \"active\", \"account_type\": \"demo\"}], \"meta\": {\"endpoint\": \"/api:MuMtGTt2/options/accounts\", \"method\": \"GET\", \"timing\": 126}}", "module": "test_otp_trading", "function": "main", "line": 62}
{"timestamp": "2026-08-13T10:16:51.812885+00:00", "level": "INFO", "logger": "test_otp", "message": "WebSocket public connecte (tentative 1)", "module": "deriv_client", "function": "connect", "line": 96}
{"timestamp": "2026-08-13T10:16:52.626508+00:00", "level": "INFO", "logger": "test_otp", "message": "Etape 1/2: Requete OTP pour le compte DOT92983989...", "module": "deriv_client", "function": "connect_trading", "line": 207}
{"timestamp": "2026-08-13T10:16:53.547462+00:00", "level": "INFO", "logger": "test_otp", "message": "OTP response recue: {\"data\": {\"url\": \"wss://api.derivws.com/trading/v1/options/ws/demo?otp=9oUFL7NS\"}, \"meta\": {\"endpoint\": \"/trading/v1/options/accounts/{accountId}/otp\", \"method\": \"POST\", \"timing\": 180}}", "module": "deriv_client", "function": "_request_otp_sync", "line": 171}
{"timestamp": "2026-08-13T10:16:53.547462+00:00", "level": "ERROR", "logger": "test_otp", "message": "OTP reponse sans websocket_url: {\"data\": {\"url\": \"wss://api.derivws.com/trading/v1/options/ws/demo?otp=9oUFL7NS\"}, \"meta\": {\"endpoint\": \"/trading/v1/options/accounts/{accountId}/otp\", \"method\": \"POST\", \"timing\": 180}}", "module": "deriv_client", "function": "connect_trading", "line": 224}
{"timestamp": "2026-08-13T10:17:46.628296+00:00", "level": "INFO", "logger": "test_otp", "message": "Liste des comptes: {\"data\": [{\"account_id\": \"ROT91701825\", \"balance\": \"0.00\", \"currency\": \"USD\", \"group\": \"row\", \"status\": \"active\", \"account_type\": \"real\"}, {\"account_id\": \"DOT92983989\", \"balance\": \"9987.41\", \"currency\": \"USD\", \"group\": \"row\", \"status\": \"active\", \"account_type\": \"demo\"}], \"meta\": {\"endpoint\": \"/api:MuMtGTt2/options/accounts\", \"method\": \"GET\", \"timing\": 135}}", "module": "test_otp_trading", "function": "main", "line": 62}
{"timestamp": "2026-08-13T10:17:47.858541+00:00", "level": "INFO", "logger": "test_otp", "message": "WebSocket public connecte (tentative 1)", "module": "deriv_client", "function": "connect", "line": 96}
{"timestamp": "2026-08-13T10:17:48.660577+00:00", "level": "INFO", "logger": "test_otp", "message": "Etape 1/2: Requete OTP pour le compte DOT92983989...", "module": "deriv_client", "function": "connect_trading", "line": 207}
{"timestamp": "2026-08-13T10:17:49.496957+00:00", "level": "INFO", "logger": "test_otp", "message": "OTP response recue: {\"data\": {\"url\": \"wss://api.derivws.com/trading/v1/options/ws/demo?otp=1JOiwdGG\"}, \"meta\": {\"endpoint\": \"/trading/v1/options/accounts/{accountId}/otp\", \"method\": \"POST\", \"timing\": 164}}", "module": "deriv_client", "function": "_request_otp_sync", "line": 171}
{"timestamp": "2026-08-13T10:17:49.496957+00:00", "level": "INFO", "logger": "test_otp", "message": "Etape 2/2: Connexion WebSocket trading...", "module": "deriv_client", "function": "connect_trading", "line": 232}
{"timestamp": "2026-08-13T10:17:50.724092+00:00", "level": "INFO", "logger": "test_otp", "message": "WebSocket trading connecte! (tentative 1)", "module": "deriv_client", "function": "connect_trading", "line": 247}
{"timestamp": "2026-08-13T10:17:51.619472+00:00", "level": "WARNING", "logger": "test_otp", "message": "Erreur API: InputValidationFailed - Input validation failed: Properties not allowed: symbol.", "module": "deriv_client", "function": "_read_loop", "line": 410}
{"timestamp": "2026-08-13T10:19:04.661111+00:00", "level": "INFO", "logger": "test_otp", "message": "Liste des comptes: {\"data\": [{\"account_id\": \"ROT91701825\", \"balance\": \"0.00\", \"currency\": \"USD\", \"group\": \"row\", \"status\": \"active\", \"account_type\": \"real\"}, {\"account_id\": \"DOT92983989\", \"balance\": \"9987.41\", \"currency\": \"USD\", \"group\": \"row\", \"status\": \"active\", \"account_type\": \"demo\"}], \"meta\": {\"endpoint\": \"/api:MuMtGTt2/options/accounts\", \"method\": \"GET\", \"timing\": 119}}", "module": "test_otp_trading", "function": "main", "line": 62}
{"timestamp": "2026-08-13T10:19:05.917370+00:00", "level": "INFO", "logger": "test_otp", "message": "WebSocket public connecte (tentative 1)", "module": "deriv_client", "function": "connect", "line": 96}
{"timestamp": "2026-08-13T10:19:06.667649+00:00", "level": "INFO", "logger": "test_otp", "message": "Etape 1/2: Requete OTP pour le compte DOT92983989...", "module": "deriv_client", "function": "connect_trading", "line": 207}
{"timestamp": "2026-08-13T10:19:07.564195+00:00", "level": "INFO", "logger": "test_otp", "message": "OTP response recue: {\"data\": {\"url\": \"wss://api.derivws.com/trading/v1/options/ws/demo?otp=dx6JI7R3\"}, \"meta\": {\"endpoint\": \"/trading/v1/options/accounts/{accountId}/otp\", \"method\": \"POST\", \"timing\": 215}}", "module": "deriv_client", "function": "_request_otp_sync", "line": 171}
{"timestamp": "2026-08-13T10:19:07.564195+00:00", "level": "INFO", "logger": "test_otp", "message": "Etape 2/2: Connexion WebSocket trading...", "module": "deriv_client", "function": "connect_trading", "line": 232}
{"timestamp": "2026-08-13T10:19:09.313418+00:00", "level": "INFO", "logger": "test_otp", "message": "WebSocket trading connecte! (tentative 1)", "module": "deriv_client", "function": "connect_trading", "line": 247}
{"timestamp": "2026-08-13T10:19:29.886072+00:00", "level": "WARNING", "logger": "paper_phase2", "message": "TA-Lib non installé — utilisation des calculs NumPy purs (moins rapide)", "module": "indicators", "function": "__init__", "line": 35}
{"timestamp": "2026-08-13T10:38:06.463116+00:00", "level": "WARNING", "logger": "paper_phase2", "message": "TA-Lib non installé — utilisation des calculs NumPy purs (moins rapide)", "module": "indicators", "function": "__init__", "line": 35}
{"timestamp": "2026-08-13T10:39:52.162515+00:00", "level": "WARNING", "logger": "paper_phase2", "message": "TA-Lib non installé — utilisation des calculs NumPy purs (moins rapide)", "module": "indicators", "function": "__init__", "line": 35}
{"timestamp": "2026-08-13T12:07:25.009972+00:00", "level": "WARNING", "logger": "paper_live", "message": "TA-Lib non installé — utilisation des calculs NumPy purs (moins rapide)", "module": "indicators", "function": "__init__", "line": 35}
{"timestamp": "2026-08-13T12:07:25.011068+00:00", "level": "INFO", "logger": "paper_live", "message": "==================================================================", "module": "paper_trading_live", "function": "run", "line": 113}
{"timestamp": "2026-08-13T12:07:25.012083+00:00", "level": "INFO", "logger": "paper_live", "message": "   PAPER TRADING LIVE — COMPTE DÉMO DERIV", "module": "paper_trading_live", "function": "run", "line": 114}
{"timestamp": "2026-08-13T12:07:25.012083+00:00", "level": "INFO", "logger": "paper_live", "message": "==================================================================", "module": "paper_trading_live", "function": "run", "line": 115}
{"timestamp": "2026-08-13T12:07:25.013081+00:00", "level": "INFO", "logger": "paper_live", "message": "  Symbole   : 1HZ100V", "module": "paper_trading_live", "function": "run", "line": 116}
{"timestamp": "2026-08-13T12:07:25.013576+00:00", "level": "INFO", "logger": "paper_live", "message": "  Timeframe : M1", "module": "paper_trading_live", "function": "run", "line": 117}
{"timestamp": "2026-08-13T12:07:25.013576+00:00", "level": "INFO", "logger": "paper_live", "message": "  Durée     : 5 min", "module": "paper_trading_live", "function": "run", "line": 118}
{"timestamp": "2026-08-13T12:07:25.014609+00:00", "level": "INFO", "logger": "paper_live", "message": "  Risque    : 2.0%/trade, 5.0%/jour, max 2 trades/jour", "module": "paper_trading_live", "function": "run", "line": 119}
{"timestamp": "2026-08-13T12:07:25.015608+00:00", "level": "INFO", "logger": "paper_live", "message": "==================================================================", "module": "paper_trading_live", "function": "run", "line": 122}
{"timestamp": "2026-08-13T12:07:27.477908+00:00", "level": "INFO", "logger": "paper_live", "message": "WebSocket public connecte (tentative 1)", "module": "deriv_client", "function": "connect", "line": 96}
{"timestamp": "2026-08-13T12:07:28.322774+00:00", "level": "INFO", "logger": "paper_live", "message": "Etape 1/2: Requete OTP pour le compte DOT92983989...", "module": "deriv_client", "function": "connect_trading", "line": 207}
{"timestamp": "2026-08-13T12:07:30.007949+00:00", "level": "INFO", "logger": "paper_live", "message": "OTP response recue: {\"data\": {\"url\": \"wss://api.derivws.com/trading/v1/options/ws/demo?otp=jUSBYuI6\"}, \"meta\": {\"endpoint\": \"/trading/v1/options/accounts/{accountId}/otp\", \"method\": \"POST\", \"timing\": 161}}", "module": "deriv_client", "function": "_request_otp_sync", "line": 171}
{"timestamp": "2026-08-13T12:07:30.008948+00:00", "level": "INFO", "logger": "paper_live", "message": "Etape 2/2: Connexion WebSocket trading...", "module": "deriv_client", "function": "connect_trading", "line": 232}
{"timestamp": "2026-08-13T12:07:31.487050+00:00", "level": "INFO", "logger": "paper_live", "message": "WebSocket trading connecte! (tentative 1)", "module": "deriv_client", "function": "connect_trading", "line": 247}
{"timestamp": "2026-08-13T12:07:32.041142+00:00", "level": "INFO", "logger": "paper_live", "message": "Solde démo : USD 9987.41 (compte DOT92983989)", "module": "paper_trading_live", "function": "run", "line": 161}
{"timestamp": "2026-08-13T12:08:32.141088+00:00", "level": "INFO", "logger": "paper_live", "message": "[STATUS] Capital=$50.00 | PnL=$+0.00 (+0.00%) | DD=0.00% | Trades=0 ouvert(s)/0 jour | Ticks=126 | Bougies=1", "module": "paper_trading_live", "function": "_log_status", "line": 234}
{"timestamp": "2026-08-13T12:09:32.239776+00:00", "level": "INFO", "logger": "paper_live", "message": "[STATUS] Capital=$50.00 | PnL=$+0.00 (+0.00%) | DD=0.00% | Trades=0 ouvert(s)/0 jour | Ticks=246 | Bougies=2", "module": "paper_trading_live", "function": "_log_status", "line": 234}
{"timestamp": "2026-08-13T12:10:32.332009+00:00", "level": "INFO", "logger": "paper_live", "message": "[STATUS] Capital=$50.00 | PnL=$+0.00 (+0.00%) | DD=0.00% | Trades=0 ouvert(s)/0 jour | Ticks=368 | Bougies=3", "module": "paper_trading_live", "function": "_log_status", "line": 234}
{"timestamp": "2026-08-13T12:11:32.409666+00:00", "level": "INFO", "logger": "paper_live", "message": "[STATUS] Capital=$50.00 | PnL=$+0.00 (+0.00%) | DD=0.00% | Trades=0 ouvert(s)/0 jour | Ticks=488 | Bougies=4", "module": "paper_trading_live", "function": "_log_status", "line": 234}
{"timestamp": "2026-08-13T12:12:32.736262+00:00", "level": "INFO", "logger": "paper_live", "message": "Session paper trading terminée", "module": "paper_trading_live", "function": "run", "line": 185}
{"timestamp": "2026-08-13T12:35:56.986626+00:00", "level": "INFO", "logger": "diag_e2e", "message": "WebSocket public connecte (tentative 1)", "module": "deriv_client", "function": "connect", "line": 96}
{"timestamp": "2026-08-13T12:35:56.988614+00:00", "level": "DEBUG", "logger": "diag_e2e", "message": ">> [req_id=1] {\"ticks_history\": \"1HZ100V\", \"end\": \"latest\", \"subscribe\": 1, \"req_id\": 1}", "module": "deriv_client", "function": "_send_request", "line": 351}
{"timestamp": "2026-08-13T12:35:58.163168+00:00", "level": "DEBUG", "logger": "diag_e2e", "message": "<< {\"echo_req\": {\"end\": \"latest\", \"req_id\": 1, \"subscribe\": 1, \"ticks_history\": \"1HZ100V\"}, \"history\": {\"prices\": [729.56, 729.44, 729.4, 729.32, 729.52, 729.69, 729.73, 729.95, 729.78, 729.76, 729.61, 729.7, 729.76, 729.76, 729.72, 729.8, 729.89, 729.85, 729.71, 729.56, 729.61, 729.5, 729.52, 729.53, ", "module": "deriv_client", "function": "_read_loop", "line": 373}
{"timestamp": "2026-08-13T12:35:58.271631+00:00", "level": "DEBUG", "logger": "diag_e2e", "message": "<< {\"echo_req\": {\"count\": \"1000\", \"end\": \"latest\", \"req_id\": 1, \"style\": \"ticks\", \"subscribe\": 1, \"ticks_history\": \"1HZ100V\"}, \"msg_type\": \"tick\", \"req_id\": 1, \"subscription\": {\"id\": \"eceb807d-c163-6a25-3492-8e9c31ae8e58\"}, \"tick\": {\"ask\": 726.63, \"bid\": 726.43, \"epoch\": 1786624433, \"id\": \"eceb807d-c16", "module": "deriv_client", "function": "_read_loop", "line": 373}
{"timestamp": "2026-08-13T12:35:59.395616+00:00", "level": "DEBUG", "logger": "diag_e2e", "message": "<< {\"echo_req\": {\"count\": \"1000\", \"end\": \"latest\", \"req_id\": 1, \"style\": \"ticks\", \"subscribe\": 1, \"ticks_history\": \"1HZ100V\"}, \"msg_type\": \"tick\", \"req_id\": 1, \"subscription\": {\"id\": \"eceb807d-c163-6a25-3492-8e9c31ae8e58\"}, \"tick\": {\"ask\": 726.57, \"bid\": 726.37, \"epoch\": 1786624434, \"id\": \"eceb807d-c16", "module": "deriv_client", "function": "_read_loop", "line": 373}
{"timestamp": "2026-08-13T12:36:00.288510+00:00", "level": "DEBUG", "logger": "diag_e2e", "message": "<< {\"echo_req\": {\"count\": \"1000\", \"end\": \"latest\", \"req_id\": 1, \"style\": \"ticks\", \"subscribe\": 1, \"ticks_history\": \"1HZ100V\"}, \"msg_type\": \"tick\", \"req_id\": 1, \"subscription\": {\"id\": \"eceb807d-c163-6a25-3492-8e9c31ae8e58\"}, \"tick\": {\"ask\": 726.63, \"bid\": 726.43, \"epoch\": 1786624435, \"id\": \"eceb807d-c16", "module": "deriv_client", "function": "_read_loop", "line": 373}
{"timestamp": "2026-08-13T12:36:01.375360+00:00", "level": "DEBUG", "logger": "diag_e2e", "message": "<< {\"echo_req\": {\"count\": \"1000\", \"end\": \"latest\", \"req_id\": 1, \"style\": \"ticks\", \"subscribe\": 1, \"ticks_history\": \"1HZ100V\"}, \"msg_type\": \"tick\", \"req_id\": 1, \"subscription\": {\"id\": \"eceb807d-c163-6a25-3492-8e9c31ae8e58\"}, \"tick\": {\"ask\": 726.61, \"bid\": 726.41, \"epoch\": 1786624436, \"id\": \"eceb807d-c16", "module": "deriv_client", "function": "_read_loop", "line": 373}
{"timestamp": "2026-08-13T12:36:02.300218+00:00", "level": "DEBUG", "logger": "diag_e2e", "message": "<< {\"echo_req\": {\"count\": \"1000\", \"end\": \"latest\", \"req_id\": 1, \"style\": \"ticks\", \"subscribe\": 1, \"ticks_history\": \"1HZ100V\"}, \"msg_type\": \"tick\", \"req_id\": 1, \"subscription\": {\"id\": \"eceb807d-c163-6a25-3492-8e9c31ae8e58\"}, \"tick\": {\"ask\": 726.41, \"bid\": 726.21, \"epoch\": 1786624437, \"id\": \"eceb807d-c16", "module": "deriv_client", "function": "_read_loop", "line": 373}
{"timestamp": "2026-08-13T12:36:03.332281+00:00", "level": "DEBUG", "logger": "diag_e2e", "message": "<< {\"echo_req\": {\"count\": \"1000\", \"end\": \"latest\", \"req_id\": 1, \"style\": \"ticks\", \"subscribe\": 1, \"ticks_history\": \"1HZ100V\"}, \"msg_type\": \"tick\", \"req_id\": 1, \"subscription\": {\"id\": \"eceb807d-c163-6a25-3492-8e9c31ae8e58\"}, \"tick\": {\"ask\": 726.53, \"bid\": 726.33, \"epoch\": 1786624438, \"id\": \"eceb807d-c16", "module": "deriv_client", "function": "_read_loop", "line": 373}
{"timestamp": "2026-08-13T12:36:04.278220+00:00", "level": "DEBUG", "logger": "diag_e2e", "message": "<< {\"echo_req\": {\"count\": \"1000\", \"end\": \"latest\", \"req_id\": 1, \"style\": \"ticks\", \"subscribe\": 1, \"ticks_history\": \"1HZ100V\"}, \"msg_type\": \"tick\", \"req_id\": 1, \"subscription\": {\"id\": \"eceb807d-c163-6a25-3492-8e9c31ae8e58\"}, \"tick\": {\"ask\": 726.56, \"bid\": 726.36, \"epoch\": 1786624439, \"id\": \"eceb807d-c16", "module": "deriv_client", "function": "_read_loop", "line": 373}
{"timestamp": "2026-08-13T12:36:05.390558+00:00", "level": "DEBUG", "logger": "diag_e2e", "message": "<< {\"echo_req\": {\"count\": \"1000\", \"end\": \"latest\", \"req_id\": 1, \"style\": \"ticks\", \"subscribe\": 1, \"ticks_history\": \"1HZ100V\"}, \"msg_type\": \"tick\", \"req_id\": 1, \"subscription\": {\"id\": \"eceb807d-c163-6a25-3492-8e9c31ae8e58\"}, \"tick\": {\"ask\": 726.71, \"bid\": 726.51, \"epoch\": 1786624440, \"id\": \"eceb807d-c16", "module": "deriv_client", "function": "_read_loop", "line": 373}
{"timestamp": "2026-08-13T12:36:06.298606+00:00", "level": "DEBUG", "logger": "diag_e2e", "message": "<< {\"echo_req\": {\"count\": \"1000\", \"end\": \"latest\", \"req_id\": 1, \"style\": \"ticks\", \"subscribe\": 1, \"ticks_history\": \"1HZ100V\"}, \"msg_type\": \"tick\", \"req_id\": 1, \"subscription\": {\"id\": \"eceb807d-c163-6a25-3492-8e9c31ae8e58\"}, \"tick\": {\"ask\": 726.85, \"bid\": 726.65, \"epoch\": 1786624441, \"id\": \"eceb807d-c16", "module": "deriv_client", "function": "_read_loop", "line": 373}
{"timestamp": "2026-08-13T12:36:06.506007+00:00", "level": "INFO", "logger": "diag_e2e", "message": "Etape 1/2: Requete OTP pour le compte DOT92983989...", "module": "deriv_client", "function": "connect_trading", "line": 207}
{"timestamp": "2026-08-13T12:36:07.975043+00:00", "level": "INFO", "logger": "diag_e2e", "message": "OTP response recue: {\"data\": {\"url\": \"wss://api.derivws.com/trading/v1/options/ws/demo?otp=HMoFTYip\"}, \"meta\": {\"endpoint\": \"/trading/v1/options/accounts/{accountId}/otp\", \"method\": \"POST\", \"timing\": 182}}", "module": "deriv_client", "function": "_request_otp_sync", "line": 171}
{"timestamp": "2026-08-13T12:36:07.976031+00:00", "level": "INFO", "logger": "diag_e2e", "message": "Etape 2/2: Connexion WebSocket trading...", "module": "deriv_client", "function": "connect_trading", "line": 232}
{"timestamp": "2026-08-13T12:36:10.886518+00:00", "level": "INFO", "logger": "diag_e2e", "message": "WebSocket trading connecte! (tentative 1)", "module": "deriv_client", "function": "connect_trading", "line": 247}
{"timestamp": "2026-08-13T12:36:10.886868+00:00", "level": "DEBUG", "logger": "diag_e2e", "message": ">> [req_id=1] {\"balance\": 1, \"req_id\": 1}", "module": "deriv_client", "function": "_send_request", "line": 351}
{"timestamp": "2026-08-13T12:36:11.474601+00:00", "level": "DEBUG", "logger": "diag_e2e", "message": "<< {\"balance\": {\"balance\": 9987.41, \"currency\": \"USD\", \"loginid\": \"DOT92983989\"}, \"echo_req\": {\"balance\": 1, \"req_id\": 1}, \"msg_type\": \"balance\", \"req_id\": 1}", "module": "deriv_client", "function": "_read_loop", "line": 373}
{"timestamp": "2026-08-13T12:39:00.361488+00:00", "level": "INFO", "logger": "diag_order", "message": "Etape 1/2: Requete OTP pour le compte DOT92983989...", "module": "deriv_client", "function": "connect_trading", "line": 207}
{"timestamp": "2026-08-13T12:39:01.731986+00:00", "level": "INFO", "logger": "diag_order", "message": "OTP response recue: {\"data\": {\"url\": \"wss://api.derivws.com/trading/v1/options/ws/demo?otp=2W3luJ3B\"}, \"meta\": {\"endpoint\": \"/trading/v1/options/accounts/{accountId}/otp\", \"method\": \"POST\", \"timing\": 168}}", "module": "deriv_client", "function": "_request_otp_sync", "line": 171}
{"timestamp": "2026-08-13T12:39:01.736987+00:00", "level": "INFO", "logger": "diag_order", "message": "Etape 2/2: Connexion WebSocket trading...", "module": "deriv_client", "function": "connect_trading", "line": 232}
{"timestamp": "2026-08-13T12:39:03.332834+00:00", "level": "INFO", "logger": "diag_order", "message": "WebSocket trading connecte! (tentative 1)", "module": "deriv_client", "function": "connect_trading", "line": 247}
{"timestamp": "2026-08-13T13:10:10.865138+00:00", "level": "WARNING", "logger": "paper_phase2", "message": "TA-Lib non installé — utilisation des calculs NumPy purs (moins rapide)", "module": "indicators", "function": "__init__", "line": 35}
{"timestamp": "2026-08-13T13:22:34.702086+00:00", "level": "WARNING", "logger": "paper_phase2", "message": "TA-Lib non installé — utilisation des calculs NumPy purs (moins rapide)", "module": "indicators", "function": "__init__", "line": 35}
{"timestamp": "2026-08-13T14:40:13.490128+00:00", "level": "WARNING", "logger": "paper_live", "message": "TA-Lib non installé — utilisation des calculs NumPy purs (moins rapide)", "module": "indicators", "function": "__init__", "line": 35}
{"timestamp": "2026-08-13T14:40:13.491129+00:00", "level": "INFO", "logger": "paper_live", "message": "==================================================================", "module": "paper_trading_live", "function": "run", "line": 221}
{"timestamp": "2026-08-13T14:40:13.491129+00:00", "level": "INFO", "logger": "paper_live", "message": "   PAPER TRADING LIVE — COMPTE DÉMO DERIV", "module": "paper_trading_live", "function": "run", "line": 222}
{"timestamp": "2026-08-13T14:40:13.492129+00:00", "level": "INFO", "logger": "paper_live", "message": "==================================================================", "module": "paper_trading_live", "function": "run", "line": 223}
{"timestamp": "2026-08-13T14:40:13.492129+00:00", "level": "INFO", "logger": "paper_live", "message": "  Symbole   : 1HZ100V", "module": "paper_trading_live", "function": "run", "line": 224}
{"timestamp": "2026-08-13T14:40:13.493133+00:00", "level": "INFO", "logger": "paper_live", "message": "  Timeframe : M1", "module": "paper_trading_live", "function": "run", "line": 225}
{"timestamp": "2026-08-13T14:40:13.493133+00:00", "level": "INFO", "logger": "paper_live", "message": "  Durée     : 2 min", "module": "paper_trading_live", "function": "run", "line": 226}
{"timestamp": "2026-08-13T14:40:13.494129+00:00", "level": "INFO", "logger": "paper_live", "message": "  Risque    : 2.0%/trade, 5.0%/jour, max 2 trades/jour", "module": "paper_trading_live", "function": "run", "line": 227}
{"timestamp": "2026-08-13T14:40:13.494759+00:00", "level": "INFO", "logger": "paper_live", "message": "==================================================================", "module": "paper_trading_live", "function": "run", "line": 230}
{"timestamp": "2026-08-13T14:40:15.778870+00:00", "level": "INFO", "logger": "paper_live", "message": "WebSocket public connecte (tentative 1)", "module": "deriv_client", "function": "connect", "line": 96}
{"timestamp": "2026-08-13T14:40:17.329768+00:00", "level": "INFO", "logger": "paper_live", "message": "Historique precharge: 299 bougies fermees (M1) + 1 bougie courante", "module": "paper_trading_live", "function": "_preload_history", "line": 209}
{"timestamp": "2026-08-13T14:40:17.330772+00:00", "level": "INFO", "logger": "paper_live", "message": "Etape 1/2: Requete OTP pour le compte DOT92983989...", "module": "deriv_client", "function": "connect_trading", "line": 207}
{"timestamp": "2026-08-13T14:40:18.785088+00:00", "level": "INFO", "logger": "paper_live", "message": "OTP response recue: {\"data\": {\"url\": \"wss://api.derivws.com/trading/v1/options/ws/demo?otp=WhipCPmF\"}, \"meta\": {\"endpoint\": \"/trading/v1/options/accounts/{accountId}/otp\", \"method\": \"POST\", \"timing\": 146}}", "module": "deriv_client", "function": "_request_otp_sync", "line": 171}
{"timestamp": "2026-08-13T14:40:18.785115+00:00", "level": "INFO", "logger": "paper_live", "message": "Etape 2/2: Connexion WebSocket trading...", "module": "deriv_client", "function": "connect_trading", "line": 232}
{"timestamp": "2026-08-13T14:40:20.686668+00:00", "level": "INFO", "logger": "paper_live", "message": "WebSocket trading connecte! (tentative 1)", "module": "deriv_client", "function": "connect_trading", "line": 247}
{"timestamp": "2026-08-13T14:40:21.358804+00:00", "level": "INFO", "logger": "paper_live", "message": "Solde démo : USD 9988.33 (compte DOT92983989)", "module": "paper_trading_live", "function": "run", "line": 279}
{"timestamp": "2026-08-13T14:40:21.358804+00:00", "level": "INFO", "logger": "paper_live", "message": "Capital initialise depuis le solde du compte: $9988.33", "module": "risk_manager", "function": "set_initial_capital", "line": 110}
{"timestamp": "2026-08-13T14:40:21.358804+00:00", "level": "INFO", "logger": "paper_live", "message": "Polling Telegram demarre", "module": "telegram_manager", "function": "poll_forever", "line": 174}
{"timestamp": "2026-08-13T14:40:22.256828+00:00", "level": "INFO", "logger": "paper_live", "message": "Commandes Telegram enregistrees (7): help, start, status, report, kill, resume, stop", "module": "telegram_manager", "function": "sync_bot_commands", "line": 102}
{"timestamp": "2026-08-13T14:41:21.412010+00:00", "level": "INFO", "logger": "paper_live", "message": "[STATUS] Capital=$9988.33 | PnL=$+0.00 (+0.00%) | DD=0.00% | Trades=0 ouvert(s)/0 jour | Ticks=65 | Bougies=300", "module": "paper_trading_live", "function": "_log_status", "line": 378}
{"timestamp": "2026-08-13T14:42:00.449013+00:00", "level": "INFO", "logger": "paper_live", "message": "Kill switch desactive — compteurs reinitialises", "module": "risk_manager", "function": "deactivate_kill_switch", "line": 293}
{"timestamp": "2026-08-13T14:42:21.523518+00:00", "level": "INFO", "logger": "paper_live", "message": "[STATUS] Capital=$9988.33 | PnL=$+0.00 (+0.00%) | DD=0.00% | Trades=0 ouvert(s)/0 jour | Ticks=125 | Bougies=301", "module": "paper_trading_live", "function": "_log_status", "line": 378}
{"timestamp": "2026-08-13T14:42:24.661092+00:00", "level": "INFO", "logger": "paper_live", "message": "Session paper trading terminée", "module": "paper_trading_live", "function": "run", "line": 319}
{"timestamp": "2026-08-13T14:43:57.404682+00:00", "level": "WARNING", "logger": "paper_live", "message": "TA-Lib non installé — utilisation des calculs NumPy purs (moins rapide)", "module": "indicators", "function": "__init__", "line": 35}
{"timestamp": "2026-08-13T14:43:57.404682+00:00", "level": "INFO", "logger": "paper_live", "message": "==================================================================", "module": "paper_trading_live", "function": "run", "line": 221}
{"timestamp": "2026-08-13T14:43:57.405672+00:00", "level": "INFO", "logger": "paper_live", "message": "   PAPER TRADING LIVE — COMPTE DÉMO DERIV", "module": "paper_trading_live", "function": "run", "line": 222}
{"timestamp": "2026-08-13T14:43:57.406674+00:00", "level": "INFO", "logger": "paper_live", "message": "==================================================================", "module": "paper_trading_live", "function": "run", "line": 223}
{"timestamp": "2026-08-13T14:43:57.406674+00:00", "level": "INFO", "logger": "paper_live", "message": "  Symbole   : 1HZ100V", "module": "paper_trading_live", "function": "run", "line": 224}
{"timestamp": "2026-08-13T14:43:57.407673+00:00", "level": "INFO", "logger": "paper_live", "message": "  Timeframe : M1", "module": "paper_trading_live", "function": "run", "line": 225}
{"timestamp": "2026-08-13T14:43:57.407673+00:00", "level": "INFO", "logger": "paper_live", "message": "  Durée     : 20 min", "module": "paper_trading_live", "function": "run", "line": 226}
{"timestamp": "2026-08-13T14:43:57.408676+00:00", "level": "INFO", "logger": "paper_live", "message": "  Risque    : 2.0%/trade, 5.0%/jour, max 2 trades/jour", "module": "paper_trading_live", "function": "run", "line": 227}
{"timestamp": "2026-08-13T14:43:57.408676+00:00", "level": "INFO", "logger": "paper_live", "message": "==================================================================", "module": "paper_trading_live", "function": "run", "line": 230}
{"timestamp": "2026-08-13T14:43:59.259680+00:00", "level": "INFO", "logger": "paper_live", "message": "WebSocket public connecte (tentative 1)", "module": "deriv_client", "function": "connect", "line": 96}
{"timestamp": "2026-08-13T14:44:00.326620+00:00", "level": "INFO", "logger": "paper_live", "message": "Historique precharge: 299 bougies fermees (M1) + 1 bougie courante", "module": "paper_trading_live", "function": "_preload_history", "line": 209}
{"timestamp": "2026-08-13T14:44:00.327665+00:00", "level": "INFO", "logger": "paper_live", "message": "Etape 1/2: Requete OTP pour le compte DOT92983989...", "module": "deriv_client", "function": "connect_trading", "line": 207}
{"timestamp": "2026-08-13T14:44:01.882063+00:00", "level": "INFO", "logger": "paper_live", "message": "OTP response recue: {\"data\": {\"url\": \"wss://api.derivws.com/trading/v1/options/ws/demo?otp=VFUXAcsL\"}, \"meta\": {\"endpoint\": \"/trading/v1/options/accounts/{accountId}/otp\", \"method\": \"POST\", \"timing\": 209}}", "module": "deriv_client", "function": "_request_otp_sync", "line": 171}
{"timestamp": "2026-08-13T14:44:01.883126+00:00", "level": "INFO", "logger": "paper_live", "message": "Etape 2/2: Connexion WebSocket trading...", "module": "deriv_client", "function": "connect_trading", "line": 232}
{"timestamp": "2026-08-13T14:44:03.678881+00:00", "level": "INFO", "logger": "paper_live", "message": "WebSocket trading connecte! (tentative 1)", "module": "deriv_client", "function": "connect_trading", "line": 247}
{"timestamp": "2026-08-13T14:44:04.197616+00:00", "level": "INFO", "logger": "paper_live", "message": "Solde démo : USD 9988.33 (compte DOT92983989)", "module": "paper_trading_live", "function": "run", "line": 279}
{"timestamp": "2026-08-13T14:44:04.199624+00:00", "level": "INFO", "logger": "paper_live", "message": "Capital initialise depuis le solde du compte: $9988.33", "module": "risk_manager", "function": "set_initial_capital", "line": 110}
{"timestamp": "2026-08-13T14:44:04.201618+00:00", "level": "INFO", "logger": "paper_live", "message": "Polling Telegram demarre", "module": "telegram_manager", "function": "poll_forever", "line": 174}
{"timestamp": "2026-08-13T14:44:05.101982+00:00", "level": "INFO", "logger": "paper_live", "message": "Commandes Telegram enregistrees (7): help, start, status, report, kill, resume, stop", "module": "telegram_manager", "function": "sync_bot_commands", "line": 102}
{"timestamp": "2026-08-13T14:45:04.256754+00:00", "level": "INFO", "logger": "paper_live", "message": "[STATUS] Capital=$9988.33 | PnL=$+0.00 (+0.00%) | DD=0.00% | Trades=0 ouvert(s)/0 jour | Ticks=65 | Bougies=300", "module": "paper_trading_live", "function": "_log_status", "line": 378}
{"timestamp": "2026-08-13T14:46:04.281082+00:00", "level": "INFO", "logger": "paper_live", "message": "[STATUS] Capital=$9988.33 | PnL=$+0.00 (+0.00%) | DD=0.00% | Trades=0 ouvert(s)/0 jour | Ticks=125 | Bougies=301", "module": "paper_trading_live", "function": "_log_status", "line": 378}
{"timestamp": "2026-08-13T14:47:04.338934+00:00", "level": "INFO", "logger": "paper_live", "message": "[STATUS] Capital=$9988.33 | PnL=$+0.00 (+0.00%) | DD=0.00% | Trades=0 ouvert(s)/0 jour | Ticks=185 | Bougies=302", "module": "paper_trading_live", "function": "_log_status", "line": 378}
{"timestamp": "2026-08-13T14:48:04.437471+00:00", "level": "INFO", "logger": "paper_live", "message": "[STATUS] Capital=$9988.33 | PnL=$+0.00 (+0.00%) | DD=0.00% | Trades=0 ouvert(s)/0 jour | Ticks=245 | Bougies=303", "module": "paper_trading_live", "function": "_log_status", "line": 378}
{"timestamp": "2026-08-13T14:49:04.441609+00:00", "level": "INFO", "logger": "paper_live", "message": "[STATUS] Capital=$9988.33 | PnL=$+0.00 (+0.00%) | DD=0.00% | Trades=0 ouvert(s)/0 jour | Ticks=305 | Bougies=304", "module": "paper_trading_live", "function": "_log_status", "line": 378}
{"timestamp": "2026-08-13T14:50:04.448877+00:00", "level": "INFO", "logger": "paper_live", "message": "[STATUS] Capital=$9988.33 | PnL=$+0.00 (+0.00%) | DD=0.00% | Trades=0 ouvert(s)/0 jour | Ticks=365 | Bougies=305", "module": "paper_trading_live", "function": "_log_status", "line": 378}
